patient_id,2.03_Nutrition_weighted,2.03_Nutrition_raw,2.03_Nutrition_max,2.05_Nutrition_weighted,2.05_Nutrition_raw,2.05_Nutrition_max,2.07_Nutrition_weighted,2.07_Nutrition_raw,2.07_Nutrition_max,2.09_Nutrition_weighted,2.09_Nutrition_raw,2.09_Nutrition_max,2.11_Nutrition_weighted,2.11_Nutrition_raw,2.11_Nutrition_max,2.11_Movement_weighted,2.11_Movement_raw,2.11_Movement_max,2.13_Nutrition_weighted,2.13_Nutrition_raw,2.13_Nutrition_max,2.13_CoreCare_weighted,2.13_CoreCare_raw,2.13_CoreCare_max,2.15_Nutrition_weighted,2.15_Nutrition_raw,2.15_Nutrition_max,2.15_CoreCare_weighted,2.15_CoreCare_raw,2.15_CoreCare_max,2.15_Cognitive_weighted,2.15_Cognitive_raw,2.15_Cognitive_max,2.17_Nutrition_weighted,2.17_Nutrition_raw,2.17_Nutrition_max,2.19_Nutrition_weighted,2.19_Nutrition_raw,2.19_Nutrition_max,2.21_Nutrition_weighted,2.21_Nutrition_raw,2.21_Nutrition_max,2.23_Nutrition_weighted,2.23_Nutrition_raw,2.23_Nutrition_max,2.25_Nutrition_weighted,2.25_Nutrition_raw,2.25_Nutrition_max,2.27_Nutrition_weighted,2.27_Nutrition_raw,2.27_Nutrition_max,2.29_Nutrition_weighted,2.29_Nutrition_raw,2.29_Nutrition_max,2.31_Nutrition_weighted,2.31_Nutrition_raw,2.31_Nutrition_max,2.33_Nutrition_weighted,2.33_Nutrition_raw,2.33_Nutrition_max,2.33_Cognitive_weighted,2.33_Cognitive_raw,2.33_Cognitive_max,2.34_Sleep_weighted,2.34_Sleep_raw,2.34_Sleep_max,2.59_Nutrition_weighted,2.59_Nutrition_raw,2.59_Nutrition_max,3.21_Movement_weighted,3.21_Movement_raw,3.21_Movement_max,4.02_Sleep_weighted,4.02_Sleep_raw,4.02_Sleep_max,4.03_Sleep_weighted,4.03_Sleep_raw,4.03_Sleep_max,4.04_Sleep_weighted,4.04_Sleep_raw,4.04_Sleep_max,5.01_Cognitive_weighted,5.01_Cognitive_raw,5.01_Cognitive_max,5.02_Cognitive_weighted,5.02_Cognitive_raw,5.02_Cognitive_max,5.06_Cognitive_weighted,5.06_Cognitive_raw,5.06_Cognitive_max,5.08_Cognitive_weighted,5.08_Cognitive_raw,5.08_Cognitive_max,6.02_Stress_weighted,6.02_Stress_raw,6.02_Stress_max,6.07_Stress_weighted,6.07_Stress_raw,6.07_Stress_max,7.01_Connection_weighted,7.01_Connection_raw,7.01_Connection_max,7.02_Connection_weighted,7.02_Connection_raw,7.02_Connection_max,7.04_Connection_weighted,7.04_Connection_raw,7.04_Connection_max,7.07_Connection_weighted,7.07_Connection_raw,7.07_Connection_max,7.09_Connection_weighted,7.09_Connection_raw,7.09_Connection_max,8.58_CoreCare_weighted,8.58_CoreCare_raw,8.58_CoreCare_max,8.60_CoreCare_weighted,8.60_CoreCare_raw,8.60_CoreCare_max,8.62_CoreCare_weighted,8.62_CoreCare_raw,8.62_CoreCare_max,8.64_CoreCare_weighted,8.64_CoreCare_raw,8.64_CoreCare_max,9.01_CoreCare_weighted,9.01_CoreCare_raw,9.01_CoreCare_max,9.04_CoreCare_weighted,9.04_CoreCare_raw,9.04_CoreCare_max,9.07_CoreCare_weighted,9.07_CoreCare_raw,9.07_CoreCare_max,9.10_CoreCare_weighted,9.10_CoreCare_raw,9.10_CoreCare_max,9.13_CoreCare_weighted,9.13_CoreCare_raw,9.13_CoreCare_max,9.16_CoreCare_weighted,9.16_CoreCare_raw,9.16_CoreCare_max,9.19_CoreCare_weighted,9.19_CoreCare_raw,9.19_CoreCare_max,9.22_CoreCare_weighted,9.22_CoreCare_raw,9.22_CoreCare_max,9.26_CoreCare_weighted,9.26_CoreCare_raw,9.26_CoreCare_max,9.29_CoreCare_weighted,9.29_CoreCare_raw,9.29_CoreCare_max,9.32_CoreCare_weighted,9.32_CoreCare_raw,9.32_CoreCare_max,9.35_CoreCare_weighted,9.35_CoreCare_raw,9.35_CoreCare_max,9.38_CoreCare_weighted,9.38_CoreCare_raw,9.38_CoreCare_max,9.40_CoreCare_weighted,9.40_CoreCare_raw,9.40_CoreCare_max,9.42_CoreCare_weighted,9.42_CoreCare_raw,9.42_CoreCare_max,9.44_CoreCare_weighted,9.44_CoreCare_raw,9.44_CoreCare_max,9.46_CoreCare_weighted,9.46_CoreCare_raw,9.46_CoreCare_max,9.48_CoreCare_weighted,9.48_CoreCare_raw,9.48_CoreCare_max,9.50_CoreCare_weighted,9.50_CoreCare_raw,9.50_CoreCare_max,9.52_CoreCare_weighted,9.52_CoreCare_raw,9.52_CoreCare_max,9.54_CoreCare_weighted,9.54_CoreCare_raw,9.54_CoreCare_max,9.56_CoreCare_weighted,9.56_CoreCare_raw,9.56_CoreCare_max,9.58_CoreCare_weighted,9.58_CoreCare_raw,9.58_CoreCare_max,9.60_CoreCare_weighted,9.60_CoreCare_raw,9.60_CoreCare_max,9.62_CoreCare_weighted,9.62_CoreCare_raw,9.62_CoreCare_max,9.64_CoreCare_weighted,9.64_CoreCare_raw,9.64_CoreCare_max,10.01_CoreCare_weighted,10.01_CoreCare_raw,10.01_CoreCare_max,10.02_CoreCare_weighted,10.02_CoreCare_raw,10.02_CoreCare_max,10.03_CoreCare_weighted,10.03_CoreCare_raw,10.03_CoreCare_max,10.04_CoreCare_weighted,10.04_CoreCare_raw,10.04_CoreCare_max,10.05_CoreCare_weighted,10.05_CoreCare_raw,10.05_CoreCare_max,10.06_CoreCare_weighted,10.06_CoreCare_raw,10.06_CoreCare_max,10.08_CoreCare_weighted,10.08_CoreCare_raw,10.08_CoreCare_max,10.09_CoreCare_weighted,10.09_CoreCare_raw,10.09_CoreCare_max,10.10_CoreCare_weighted,10.10_CoreCare_raw,10.10_CoreCare_max,10.11_CoreCare_weighted,10.11_CoreCare_raw,10.11_CoreCare_max,10.13_Stress_weighted,10.13_Stress_raw,10.13_Stress_max,10.14_Stress_weighted,10.14_Stress_raw,10.14_Stress_max,10.15_Stress_weighted,10.15_Stress_raw,10.15_Stress_max,10.16_Stress_weighted,10.16_Stress_raw,10.16_Stress_max,Strength_Movement_weighted,Strength_Movement_raw,Strength_Movement_max,4.12_Sleep_weighted,4.12_Sleep_raw,4.12_Sleep_max,4.12_Movement_weighted,4.12_Movement_raw,4.12_Movement_max,4.12_CoreCare_weighted,4.12_CoreCare_raw,4.12_CoreCare_max,4.07_Sleep_weighted,4.07_Sleep_raw,4.07_Sleep_max,Tobacco_CoreCare_weighted,Tobacco_CoreCare_raw,Tobacco_CoreCare_max,Alcohol_CoreCare_weighted,Alcohol_CoreCare_raw,Alcohol_CoreCare_max,Recreational Drugs_CoreCare_weighted,Recreational Drugs_CoreCare_raw,Recreational Drugs_CoreCare_max,Nicotine_CoreCare_weighted,Nicotine_CoreCare_raw,Nicotine_CoreCare_max,OTC Meds_CoreCare_weighted,OTC Meds_CoreCare_raw,OTC Meds_CoreCare_max,Other Substances_CoreCare_weighted,Other Substances_CoreCare_raw,Other Substances_CoreCare_max,HIIT_Movement_weighted,HIIT_Movement_raw,HIIT_Movement_max,Flexibility_Movement_weighted,Flexibility_Movement_raw,Flexibility_Movement_max,Cardio_Movement_weighted,Cardio_Movement_raw,Cardio_Movement_max
eb3a4e68-dea5-4c5f-980f-745a668400dc,0.0,0.0,6.0,1.2,0.6,2.0,2.8,0.7,4.0,1.0,1.0,1.0,6.0,1.0,6.0,6.0,1.0,6.0,4.800000000000001,0.8,6.0,3.2,0.8,4.0,4.2,0.6,7.0,3.0,0.6,5.0,4.8,0.6,8.0,1.0,0.2,5.0,2.4000000000000004,0.4,6.0,2.8,0.7,4.0,4.199999999999999,0.7,6.0,2.8,0.7,4.0,2.0999999999999996,0.7,3.0,3.5,0.5,7.0,1.4,0.7,2.0,3.0,1.0,3.0,2.0,1.0,2.0,4.199999999999999,0.7,6.0,0.8,0.8,1.0,4.8,0.6,8.0,10.0,1.0,10.0,4.0,0.8,5.0,4.8,0.6,8.0,6.4,0.8,8.0,8.0,1.0,8.0,4.8,0.6,8.0,3.84,0.48,8.0,21.660000000000004,1.1400000000000001,19.0,4.06,0.58,7.0,6.0,0.6,10.0,2.0,0.2,10.0,3.2,0.4,8.0,7.2,0.8,9.0,1.2000000000000002,0.4,3.0,1.2000000000000002,0.2,6.0,7.0,1.0,7.0,2.8,0.7,4.0,2.0,1.0,2.0,10.0,1.0,10.0,10.0,1.0,10.0,7.0,1.0,7.0,1.4000000000000001,0.2,7.0,7.0,1.0,7.0,7.0,1.0,7.0,5.0,1.0,5.0,5.0,1.0,5.0,7.0,1.0,7.0,1.4000000000000001,0.2,7.0,1.0,0.2,5.0,5.0,1.0,5.0,5.0,1.0,5.0,2.0,0.2,10.0,10.0,1.0,10.0,10.0,1.0,10.0,10.0,1.0,10.0,10.0,1.0,10.0,10.0,1.0,10.0,10.0,1.0,10.0,10.0,1.0,10.0,10.0,1.0,10.0,10.0,1.0,10.0,10.0,1.0,10.0,10.0,1.0,10.0,10.0,1.0,10.0,1.6,0.2,8.0,7.0,1.0,7.0,3.0,0.6,5.0,0.0,0.0,10.0,0.0,0.0,10.0,0.0,0.0,10.0,10.0,1.0,10.0,1.6,0.2,8.0,1.0,0.2,5.0,10.0,1.0,10.0,6.0,0.6,10.0,4.0,0.4,10.0,10.0,1.0,10.0,10.0,1.0,10.0,16.0,16.0,16.0,35.0,35.0,35,1.0,1.0,1,5.0,5.0,5,7.2,7.2,9.0,15.0,15.0,15,1.0,1.0,10,8.0,8.0,8,4.0,4.0,4,6.0,6.0,6,3.0,3.0,6,0.0,0.0,0.0,0.0,0.0,0.0,0.0,0.0,0.0
b29d4887-4596-4577-b1db-6c7ba18d7571,6.0,1.0,6.0,1.2,0.6,2.0,4.0,1.0,4.0,0.7,0.7,1.0,4.800000000000001,0.8,6.0,4.800000000000001,0.8,6.0,6.0,1.0,6.0,4.0,1.0,4.0,7.0,1.0,7.0,5.0,1.0,5.0,8.0,1.0,8.0,5.0,1.0,5.0,4.199999999999999,0.7,6.0,4.0,1.0,4.0,4.199999999999999,0.7,6.0,4.0,1.0,4.0,3.0,1.0,3.0,7.0,1.0,7.0,2.0,1.0,2.0,3.0,1.0,3.0,2.0,1.0,2.0,2.4000000000000004,0.4,6.0,1.0,1.0,1.0,3.2,0.4,8.0,10.0,1.0,10.0,4.0,0.8,5.0,4.8,0.6,8.0,6.4,0.8,8.0,8.0,1.0,8.0,3.2,0.4,8.0,3.84,0.48,8.0,27.075,1.425,19.0,4.55,0.65,7.0,8.0,0.8,10.0,6.0,0.6,10.0,1.6,0.2,8.0,7.2,0.8,9.0,1.7999999999999998,0.6,3.0,4.199999999999999,0.7,6.0,7.0,1.0,7.0,1.6,0.4,4.0,2.0,1.0,2.0,10.0,1.0,10.0,2.0,0.2,10.0,7.0,1.0,7.0,7.0,1.0,7.0,7.0,1.0,7.0,7.0,1.0,7.0,5.0,1.0,5.0,5.0,1.0,5.0,1.4000000000000001,0.2,7.0,7.0,1.0,7.0,5.0,1.0,5.0,5.0,1.0,5.0,5.0,1.0,5.0,10.0,1.0,10.0,10.0,1.0,10.0,10.0,1.0,10.0,10.0,1.0,10.0,2.0,0.2,10.0,10.0,1.0,10.0,10.0,1.0,10.0,10.0,1.0,10.0,10.0,1.0,10.0,10.0,1.0,10.0,10.0,1.0,10.0,10.0,1.0,10.0,10.0,1.0,10.0,1.6,0.2,8.0,1.4000000000000001,0.2,7.0,5.0,1.0,5.0,2.0,0.2,10.0,0.0,0.0,10.0,0.0,0.0,10.0,6.0,0.6,10.0,1.6,0.2,8.0,5.0,1.0,5.0,2.0,0.2,10.0,10.0,1.0,10.0,4.0,0.4,10.0,4.0,0.4,10.0,6.0,0.6,10.0,10.4,10.4,16.0,33.0,33.0,35,1.0,1.0,1,5.0,5.0,5,5.4,5.4,9.0,15.0,15.0,15,3.5,3.5,10,8.0,8.0,8,2.4000000000000004,2.4000000000000004,4,6.0,6.0,6,6.0,6.0,6,11.2,11.2,16.0,0.0,0.0,0.0,0.0,0.0,0.0
5b91fa39-5559-4c48-bf55-2917679b8105,6.0,1.0,6.0,0.8,0.4,2.0,2.8,0.7,4.0,1.0,1.0,1.0,6.0,1.0,6.0,6.0,1.0,6.0,6.0,1.0,6.0,4.0,1.0,4.0,7.0,1.0,7.0,5.0,1.0,5.0,8.0,1.0,8.0,2.5,0.5,5.0,6.0,1.0,6.0,4.0,1.0,4.0,4.199999999999999,0.7,6.0,4.0,1.0,4.0,3.0,1.0,3.0,7.0,1.0,7.0,1.4,0.7,2.0,3.0,1.0,3.0,2.0,1.0,2.0,6.0,1.0,6.0,1.0,1.0,1.0,6.4,0.8,8.0,10.0,1.0,10.0,3.0,0.6,5.0,3.2,0.4,8.0,3.2,0.4,8.0,1.6,0.2,8.0,4.8,0.6,8.0,2.56,0.32,8.0,21.660000000000004,1.1400000000000001,19.0,4.2,0.6,7.0,8.0,0.8,10.0,8.0,0.8,10.0,6.4,0.8,8.0,9.0,1.0,9.0,2.4000000000000004,0.8,3.0,1.2000000000000002,0.2,6.0,1.4000000000000001,0.2,7.0,4.0,1.0,4.0,2.0,1.0,2.0,10.0,1.0,10.0,10.0,1.0,10.0,1.4000000000000001,0.2,7.0,7.0,1.0,7.0,7.0,1.0,7.0,7.0,1.0,7.0,5.0,1.0,5.0,1.0,0.2,5.0,7.0,1.0,7.0,1.4000000000000001,0.2,7.0,5.0,1.0,5.0,5.0,1.0,5.0,1.0,0.2,5.0,10.0,1.0,10.0,10.0,1.0,10.0,10.0,1.0,10.0,10.0,1.0,10.0,2.0,0.2,10.0,2.0,0.2,10.0,10.0,1.0,10.0,10.0,1.0,10.0,10.0,1.0,10.0,10.0,1.0,10.0,10.0,1.0,10.0,10.0,1.0,10.0,10.0,1.0,10.0,8.0,1.0,8.0,1.4000000000000001,0.2,7.0,5.0,1.0,5.0,10.0,1.0,10.0,10.0,1.0,10.0,2.0,0.2,10.0,0.0,0.0,10.0,1.6,0.2,8.0,1.0,0.2,5.0,2.0,0.2,10.0,4.0,0.4,10.0,6.0,0.6,10.0,4.0,0.4,10.0,10.0,1.0,10.0,16.0,16.0,16.0,30.4,30.4,35,1.0,1.0,1,5.0,5.0,5,5.4,5.4,9.0,15.0,15.0,15,10.0,10.0,10,1.6,1.6,8,1.2000000000000002,1.2000000000000002,4,6.0,6.0,6,0.0,0.0,6,0.0,0.0,0.0,9.75,9.75,13.0,0.0,0.0,0.0
b6b0840d-38ab-4626-a14f-10dda161bbec,3.0,0.5,6.0,0.8,0.4,2.0,1.6,0.4,4.0,0.2,0.2,1.0,0.0,0.0,6.0,0.0,0.0,6.0,4.800000000000001,0.8,6.0,3.2,0.8,4.0,4.2,0.6,7.0,3.0,0.6,5.0,4.8,0.6,8.0,2.5,0.5,5.0,6.0,1.0,6.0,2.8,0.7,4.0,4.199999999999999,0.7,6.0,2.8,0.7,4.0,3.0,1.0,3.0,3.5,0.5,7.0,2.0,1.0,2.0,0.6000000000000001,0.2,3.0,0.4,0.2,2.0,6.0,1.0,6.0,0.8,0.8,1.0,1.6,0.2,8.0,6.0,0.6,10.0,5.0,1.0,5.0,8.0,1.0,8.0,3.2,0.4,8.0,8.0,1.0,8.0,3.2,0.4,8.0,2.56,0.32,8.0,9.025,0.475,19.0,1.2249999999999999,0.175,7.0,6.0,0.6,10.0,2.0,0.2,10.0,6.4,0.8,8.0,7.2,0.8,9.0,1.7999999999999998,0.6,3.0,6.0,1.0,6.0,1.4000000000000001,0.2,7.0,1.6,0.4,4.0,2.0,1.0,2.0,10.0,1.0,10.0,10.0,1.0,10.0,7.0,1.0,7.0,1.4000000000000001,0.2,7.0,7.0,1.0,7.0,1.4000000000000001,0.2,7.0,5.0,1.0,5.0,5.0,1.0,5.0,7.0,1.0,7.0,7.0,1.0,7.0,1.0,0.2,5.0,5.0,1.0,5.0,1.0,0.2,5.0,10.0,1.0,10.0,2.0,0.2,10.0,10.0,1.0,10.0,10.0,1.0,10.0,10.0,1.0,10.0,10.0,1.0,10.0,10.0,1.0,10.0,10.0,1.0,10.0,10.0,1.0,10.0,10.0,1.0,10.0,10.0,1.0,10.0,10.0,1.0,10.0,10.0,1.0,10.0,8.0,1.0,8.0,7.0,1.0,7.0,5.0,1.0,5.0,0.0,0.0,10.0,0.0,0.0,10.0,0.0,0.0,10.0,6.0,0.6,10.0,1.6,0.2,8.0,5.0,1.0,5.0,2.0,0.2,10.0,2.0,0.2,10.0,6.0,0.6,10.0,4.0,0.4,10.0,4.0,0.4,10.0,0.0,0.0,0.0,35.0,35.0,35,1.0,1.0,1,5.0,5.0,5,5.4,5.4,9.0,15.0,15.0,15,10.0,10.0,10,3.2,3.2,8,2.8,2.8,4,6.0,6.0,6,6.0,6.0,6,0.0,0.0,0.0,13.0,13.0,13.0,0.0,0.0,0.0
e6615f5c-1070-489f-8942-8592f2c6cf74,6.0,1.0,6.0,0.0,0.0,2.0,0.8,0.2,4.0,0.2,0.2,1.0,0.0,0.0,6.0,0.0,0.0,6.0,4.800000000000001,0.8,6.0,3.2,0.8,4.0,2.8000000000000003,0.4,7.0,2.0,0.4,5.0,3.2,0.4,8.0,5.0,1.0,5.0,2.4000000000000004,0.4,6.0,2.8,0.7,4.0,4.199999999999999,0.7,6.0,2.8,0.7,4.0,2.0999999999999996,0.7,3.0,3.5,0.5,7.0,2.0,1.0,2.0,3.0,1.0,3.0,2.0,1.0,2.0,2.4000000000000004,0.4,6.0,0.8,0.8,1.0,4.8,0.6,8.0,10.0,1.0,10.0,3.0,0.6,5.0,3.2,0.4,8.0,6.4,0.8,8.0,8.0,1.0,8.0,8.0,1.0,8.0,2.56,0.32,8.0,9.025,0.475,19.0,3.6750000000000003,0.525,7.0,8.0,0.8,10.0,6.0,0.6,10.0,6.4,0.8,8.0,9.0,1.0,9.0,1.7999999999999998,0.6,3.0,6.0,1.0,6.0,7.0,1.0,7.0,4.0,1.0,4.0,2.0,1.0,2.0,10.0,1.0,10.0,2.0,0.2,10.0,7.0,1.0,7.0,7.0,1.0,7.0,7.0,1.0,7.0,7.0,1.0,7.0,5.0,1.0,5.0,1.0,0.2,5.0,7.0,1.0,7.0,7.0,1.0,7.0,5.0,1.0,5.0,5.0,1.0,5.0,5.0,1.0,5.0,2.0,0.2,10.0,10.0,1.0,10.0,10.0,1.0,10.0,10.0,1.0,10.0,10.0,1.0,10.0,10.0,1.0,10.0,10.0,1.0,10.0,10.0,1.0,10.0,2.0,0.2,10.0,10.0,1.0,10.0,10.0,1.0,10.0,10.0,1.0,10.0,10.0,1.0,10.0,1.6,0.2,8.0,7.0,1.0,7.0,1.0,0.2,5.0,0.0,0.0,10.0,0.0,0.0,10.0,0.0,0.0,10.0,10.0,1.0,10.0,1.6,0.2,8.0,1.0,0.2,5.0,10.0,1.0,10.0,6.0,0.6,10.0,6.0,0.6,10.0,10.0,1.0,10.0,4.0,0.4,10.0,11.2,11.2,16.0,29.0,29.0,35,1.0,1.0,1,5.0,5.0,5,3.6,3.6,9.0,15.0,15.0,15,10.0,10.0,10,8.0,8.0,8,4.0,4.0,4,5.4,5.4,6,6.0,6.0,6,11.2,11.2,16.0,0.0,0.0,0.0,16.0,16.0,16.0
6f8b9421-57b9-4490-b118-b3350cd8d6fa,6.0,1.0,6.0,1.2,0.6,2.0,1.6,0.4,4.0,1.0,1.0,1.0,4.800000000000001,0.8,6.0,4.800000000000001,0.8,6.0,6.0,1.0,6.0,4.0,1.0,4.0,1.4000000000000001,0.2,7.0,1.0,0.2,5.0,1.6,0.2,8.0,5.0,1.0,5.0,4.199999999999999,0.7,6.0,1.6,0.4,4.0,4.199999999999999,0.7,6.0,2.8,0.7,4.0,3.0,1.0,3.0,1.4000000000000001,0.2,7.0,2.0,1.0,2.0,0.6000000000000001,0.2,3.0,0.4,0.2,2.0,6.0,1.0,6.0,0.2,0.2,1.0,4.8,0.6,8.0,10.0,1.0,10.0,3.0,0.6,5.0,3.2,0.4,8.0,6.4,0.8,8.0,1.6,0.2,8.0,8.0,1.0,8.0,2.56,0.32,8.0,9.025,0.475,19.0,4.654999999999999,0.6649999999999999,7.0,6.0,0.6,10.0,8.0,0.8,10.0,6.4,0.8,8.0,9.0,1.0,9.0,2.4000000000000004,0.8,3.0,6.0,1.0,6.0,7.0,1.0,7.0,2.8,0.7,4.0,0.4,0.2,2.0,10.0,1.0,10.0,10.0,1.0,10.0,7.0,1.0,7.0,7.0,1.0,7.0,1.4000000000000001,0.2,7.0,7.0,1.0,7.0,1.0,0.2,5.0,5.0,1.0,5.0,7.0,1.0,7.0,7.0,1.0,7.0,5.0,1.0,5.0,5.0,1.0,5.0,5.0,1.0,5.0,10.0,1.0,10.0,10.0,1.0,10.0,10.0,1.0,10.0,10.0,1.0,10.0,10.0,1.0,10.0,2.0,0.2,10.0,10.0,1.0,10.0,10.0,1.0,10.0,10.0,1.0,10.0,10.0,1.0,10.0,10.0,1.0,10.0,10.0,1.0,10.0,10.0,1.0,10.0,8.0,1.0,8.0,7.0,1.0,7.0,5.0,1.0,5.0,6.0,0.6,10.0,2.0,0.2,10.0,2.0,0.2,10.0,0.0,0.0,10.0,8.0,1.0,8.0,5.0,1.0,5.0,2.0,0.2,10.0,6.0,0.6,10.0,4.0,0.4,10.0,6.0,0.6,10.0,10.0,1.0,10.0,11.2,11.2,16.0,34.0,34.0,35,1.0,1.0,1,5.0,5.0,5,3.6,3.6,9.0,15.0,15.0,15,0.0,0.0,10,8.0,8.0,8,4.0,4.0,4,2.4000000000000004,2.4000000000000004,6,6.0,6.0,6,0.0,0.0,0.0,0.0,0.0,0.0,16.0,16.0,16.0
0c00a591-63f4-4666-9e9a-c1f947e29423,3.0,0.5,6.0,0.4,0.2,2.0,2.8,0.7,4.0,0.7,0.7,1.0,3.5999999999999996,0.6,6.0,3.5999999999999996,0.6,6.0,6.0,1.0,6.0,4.0,1.0,4.0,1.4000000000000001,0.2,7.0,1.0,0.2,5.0,1.6,0.2,8.0,5.0,1.0,5.0,6.0,1.0,6.0,2.8,0.7,4.0,1.2000000000000002,0.2,6.0,1.6,0.4,4.0,1.2000000000000002,0.4,3.0,1.4000000000000001,0.2,7.0,1.4,0.7,2.0,0.6000000000000001,0.2,3.0,0.4,0.2,2.0,4.199999999999999,0.7,6.0,0.8,0.8,1.0,6.4,0.8,8.0,10.0,1.0,10.0,4.0,0.8,5.0,4.8,0.6,8.0,4.8,0.6,8.0,1.6,0.2,8.0,4.8,0.6,8.0,3.84,0.48,8.0,12.635000000000002,0.665,19.0,3.1849999999999996,0.45499999999999996,7.0,8.0,0.8,10.0,6.0,0.6,10.0,6.4,0.8,8.0,5.3999999999999995,0.6,9.0,1.2000000000000002,0.4,3.0,4.199999999999999,0.7,6.0,7.0,1.0,7.0,1.6,0.4,4.0,2.0,1.0,2.0,10.0,1.0,10.0,10.0,1.0,10.0,7.0,1.0,7.0,7.0,1.0,7.0,7.0,1.0,7.0,7.0,1.0,7.0,1.0,0.2,5.0,5.0,1.0,5.0,1.4000000000000001,0.2,7.0,7.0,1.0,7.0,1.0,0.2,5.0,1.0,0.2,5.0,5.0,1.0,5.0,10.0,1.0,10.0,10.0,1.0,10.0,10.0,1.0,10.0,10.0,1.0,10.0,10.0,1.0,10.0,2.0,0.2,10.0,10.0,1.0,10.0,10.0,1.0,10.0,10.0,1.0,10.0,10.0,1.0,10.0,10.0,1.0,10.0,10.0,1.0,10.0,10.0,1.0,10.0,8.0,1.0,8.0,1.4000000000000001,0.2,7.0,1.0,0.2,5.0,6.0,0.6,10.0,0.0,0.0,10.0,0.0,0.0,10.0,10.0,1.0,10.0,1.6,0.2,8.0,1.0,0.2,5.0,2.0,0.2,10.0,4.0,0.4,10.0,4.0,0.4,10.0,4.0,0.4,10.0,4.0,0.4,10.0,0.0,0.0,0.0,35.0,35.0,35,1.0,1.0,1,5.0,5.0,5,5.4,5.4,9.0,15.0,15.0,15,10.0,10.0,10,6.8,6.8,8,4.0,4.0,4,4.800000000000001,4.800000000000001,6,6.0,6.0,6,0.0,0.0,0.0,13.0,13.0,13.0,16.0,16.0,16.0
08ff6a1a-1c92-491c-b833-d5c92d98324d,6.0,1.0,6.0,0.0,0.0,2.0,2.8,0.7,4.0,0.2,0.2,1.0,0.0,0.0,6.0,0.0,0.0,6.0,4.800000000000001,0.8,6.0,3.2,0.8,4.0,7.0,1.0,7.0,5.0,1.0,5.0,8.0,1.0,8.0,5.0,1.0,5.0,4.199999999999999,0.7,6.0,0.8,0.2,4.0,2.4000000000000004,0.4,6.0,0.8,0.2,4.0,1.2000000000000002,0.4,3.0,3.5,0.5,7.0,2.0,1.0,2.0,3.0,1.0,3.0,2.0,1.0,2.0,2.4000000000000004,0.4,6.0,0.2,0.2,1.0,1.6,0.2,8.0,2.0,0.2,10.0,1.0,0.2,5.0,1.6,0.2,8.0,1.6,0.2,8.0,1.6,0.2,8.0,3.2,0.4,8.0,1.28,0.16,8.0,32.49,1.7100000000000002,19.0,4.8999999999999995,0.7,7.0,4.0,0.4,10.0,10.0,1.0,10.0,6.4,0.8,8.0,9.0,1.0,9.0,3.0,1.0,3.0,4.199999999999999,0.7,6.0,7.0,1.0,7.0,2.8,0.7,4.0,0.4,0.2,2.0,10.0,1.0,10.0,10.0,1.0,10.0,7.0,1.0,7.0,7.0,1.0,7.0,7.0,1.0,7.0,1.4000000000000001,0.2,7.0,5.0,1.0,5.0,5.0,1.0,5.0,7.0,1.0,7.0,7.0,1.0,7.0,5.0,1.0,5.0,5.0,1.0,5.0,5.0,1.0,5.0,2.0,0.2,10.0,10.0,1.0,10.0,10.0,1.0,10.0,2.0,0.2,10.0,10.0,1.0,10.0,2.0,0.2,10.0,10.0,1.0,10.0,2.0,0.2,10.0,10.0,1.0,10.0,10.0,1.0,10.0,10.0,1.0,10.0,10.0,1.0,10.0,10.0,1.0,10.0,1.6,0.2,8.0,1.4000000000000001,0.2,7.0,1.0,0.2,5.0,2.0,0.2,10.0,2.0,0.2,10.0,2.0,0.2,10.0,0.0,0.0,10.0,8.0,1.0,8.0,5.0,1.0,5.0,10.0,1.0,10.0,4.0,0.4,10.0,4.0,0.4,10.0,6.0,0.6,10.0,2.0,0.2,10.0,0.0,0.0,0.0,33.2,33.2,35,1.0,1.0,1,4.6,4.6,5,3.6,3.6,9.0,15.0,15.0,15,4.0,4.0,10,8.0,8.0,8,4.0,4.0,4,6.0,6.0,6,6.0,6.0,6,0.0,0.0,0.0,0.0,0.0,0.0,0.0,0.0,0.0
ebe4ee52-d697-41e8-8461-84109f596224,6.0,1.0,6.0,0.0,0.0,2.0,1.6,0.4,4.0,0.2,0.2,1.0,0.0,0.0,6.0,0.0,0.0,6.0,4.800000000000001,0.8,6.0,3.2,0.8,4.0,4.2,0.6,7.0,3.0,0.6,5.0,4.8,0.6,8.0,2.5,0.5,5.0,4.199999999999999,0.7,6.0,1.6,0.4,4.0,4.199999999999999,0.7,6.0,0.8,0.2,4.0,0.6000000000000001,0.2,3.0,1.4000000000000001,0.2,7.0,1.4,0.7,2.0,3.0,1.0,3.0,2.0,1.0,2.0,4.199999999999999,0.7,6.0,0.2,0.2,1.0,3.2,0.4,8.0,6.0,0.6,10.0,2.0,0.4,5.0,1.6,0.2,8.0,8.0,1.0,8.0,1.6,0.2,8.0,8.0,1.0,8.0,3.84,0.48,8.0,16.245,0.8550000000000001,19.0,1.2249999999999999,0.175,7.0,6.0,0.6,10.0,4.0,0.4,10.0,6.4,0.8,8.0,5.3999999999999995,0.6,9.0,3.0,1.0,3.0,2.4000000000000004,0.4,6.0,7.0,1.0,7.0,0.8,0.2,4.0,2.0,1.0,2.0,10.0,1.0,10.0,2.0,0.2,10.0,7.0,1.0,7.0,7.0,1.0,7.0,1.4000000000000001,0.2,7.0,7.0,1.0,7.0,1.0,0.2,5.0,1.0,0.2,5.0,7.0,1.0,7.0,7.0,1.0,7.0,5.0,1.0,5.0,1.0,0.2,5.0,5.0,1.0,5.0,10.0,1.0,10.0,10.0,1.0,10.0,10.0,1.0,10.0,10.0,1.0,10.0,10.0,1.0,10.0,10.0,1.0,10.0,10.0,1.0,10.0,10.0,1.0,10.0,2.0,0.2,10.0,10.0,1.0,10.0,10.0,1.0,10.0,10.0,1.0,10.0,10.0,1.0,10.0,8.0,1.0,8.0,7.0,1.0,7.0,5.0,1.0,5.0,10.0,1.0,10.0,2.0,0.2,10.0,10.0,1.0,10.0,0.0,0.0,10.0,1.6,0.2,8.0,5.0,1.0,5.0,2.0,0.2,10.0,4.0,0.4,10.0,6.0,0.6,10.0,6.0,0.6,10.0,4.0,0.4,10.0,11.2,11.2,16.0,30.2,30.2,35,1.0,1.0,1,3.8,3.8,5,3.6,3.6,9.0,15.0,15.0,15,10.0,10.0,10,8.0,8.0,8,3.2,3.2,4,6.0,6.0,6,6.0,6.0,6,0.0,0.0,0.0,13.0,13.0,13.0,0.0,0.0,0.0
afd96aaa-7a13-4e26-b79f-e5750c98a9d3,6.0,1.0,6.0,0.8,0.4,2.0,1.6,0.4,4.0,0.2,0.2,1.0,0.0,0.0,6.0,0.0,0.0,6.0,4.800000000000001,0.8,6.0,3.2,0.8,4.0,7.0,1.0,7.0,5.0,1.0,5.0,8.0,1.0,8.0,5.0,1.0,5.0,6.0,1.0,6.0,2.8,0.7,4.0,2.4000000000000004,0.4,6.0,1.6,0.4,4.0,2.0999999999999996,0.7,3.0,3.5,0.5,7.0,0.0,0.0,2.0,3.0,1.0,3.0,2.0,1.0,2.0,1.2000000000000002,0.2,6.0,0.8,0.8,1.0,6.4,0.8,8.0,6.0,0.6,10.0,2.0,0.4,5.0,1.6,0.2,8.0,4.8,0.6,8.0,8.0,1.0,8.0,6.4,0.8,8.0,2.56,0.32,8.0,3.61,0.19,19.0,2.4499999999999997,0.35,7.0,6.0,0.6,10.0,10.0,1.0,10.0,6.4,0.8,8.0,7.2,0.8,9.0,0.6000000000000001,0.2,3.0,4.199999999999999,0.7,6.0,7.0,1.0,7.0,4.0,1.0,4.0,2.0,1.0,2.0,2.0,0.2,10.0,10.0,1.0,10.0,1.4000000000000001,0.2,7.0,7.0,1.0,7.0,7.0,1.0,7.0,1.4000000000000001,0.2,7.0,5.0,1.0,5.0,5.0,1.0,5.0,1.4000000000000001,0.2,7.0,7.0,1.0,7.0,1.0,0.2,5.0,5.0,1.0,5.0,5.0,1.0,5.0,10.0,1.0,10.0,10.0,1.0,10.0,10.0,1.0,10.0,10.0,1.0,10.0,10.0,1.0,10.0,10.0,1.0,10.0,2.0,0.2,10.0,2.0,0.2,10.0,10.0,1.0,10.0,10.0,1.0,10.0,10.0,1.0,10.0,10.0,1.0,10.0,2.0,0.2,10.0,4.8,0.6,8.0,1.4000000000000001,0.2,7.0,3.0,0.6,5.0,10.0,1.0,10.0,0.0,0.0,10.0,0.0,0.0,10.0,2.0,0.2,10.0,1.6,0.2,8.0,5.0,1.0,5.0,10.0,1.0,10.0,4.0,0.4,10.0,10.0,1.0,10.0,4.0,0.4,10.0,4.0,0.4,10.0,9.600000000000001,9.600000000000001,16.0,28.4,28.4,35,1.0,1.0,1,2.6,2.6,5,3.6,3.6,9.0,12.75,12.75,15,10.0,10.0,10,8.0,8.0,8,4.0,4.0,4,6.0,6.0,6,6.0,6.0,6,0.0,0.0,0.0,6.5,6.5,13.0,0.0,0.0,0.0
733dcaf4-4f17-4fa1-8d5b-f6612f81c6c2,6.0,1.0,6.0,0.4,0.2,2.0,1.6,0.4,4.0,0.2,0.2,1.0,0.0,0.0,6.0,0.0,0.0,6.0,6.0,1.0,6.0,4.0,1.0,4.0,4.2,0.6,7.0,3.0,0.6,5.0,4.8,0.6,8.0,5.0,1.0,5.0,2.4000000000000004,0.4,6.0,2.8,0.7,4.0,2.4000000000000004,0.4,6.0,4.0,1.0,4.0,3.0,1.0,3.0,3.5,0.5,7.0,2.0,1.0,2.0,0.6000000000000001,0.2,3.0,0.4,0.2,2.0,6.0,1.0,6.0,0.8,0.8,1.0,4.8,0.6,8.0,6.0,0.6,10.0,5.0,1.0,5.0,8.0,1.0,8.0,6.4,0.8,8.0,8.0,1.0,8.0,4.8,0.6,8.0,2.56,0.32,8.0,32.49,1.7100000000000002,19.0,4.8999999999999995,0.7,7.0,8.0,0.8,10.0,10.0,1.0,10.0,6.4,0.8,8.0,9.0,1.0,9.0,3.0,1.0,3.0,6.0,1.0,6.0,1.4000000000000001,0.2,7.0,4.0,1.0,4.0,2.0,1.0,2.0,10.0,1.0,10.0,10.0,1.0,10.0,1.4000000000000001,0.2,7.0,1.4000000000000001,0.2,7.0,1.4000000000000001,0.2,7.0,1.4000000000000001,0.2,7.0,5.0,1.0,5.0,1.0,0.2,5.0,7.0,1.0,7.0,7.0,1.0,7.0,5.0,1.0,5.0,1.0,0.2,5.0,5.0,1.0,5.0,10.0,1.0,10.0,10.0,1.0,10.0,10.0,1.0,10.0,10.0,1.0,10.0,2.0,0.2,10.0,10.0,1.0,10.0,10.0,1.0,10.0,10.0,1.0,10.0,10.0,1.0,10.0,10.0,1.0,10.0,10.0,1.0,10.0,10.0,1.0,10.0,10.0,1.0,10.0,8.0,1.0,8.0,7.0,1.0,7.0,5.0,1.0,5.0,10.0,1.0,10.0,10.0,1.0,10.0,6.0,0.6,10.0,0.0,0.0,10.0,1.6,0.2,8.0,1.0,0.2,5.0,10.0,1.0,10.0,10.0,1.0,10.0,10.0,1.0,10.0,6.0,0.6,10.0,6.0,0.6,10.0,10.4,10.4,16.0,35.0,35.0,35,1.0,1.0,1,5.0,5.0,5,7.2,7.2,9.0,15.0,15.0,15,10.0,10.0,10,8.0,8.0,8,1.2000000000000002,1.2000000000000002,4,1.5,1.5,6,6.0,6.0,6,16.0,16.0,16.0,13.0,13.0,13.0,16.0,16.0,16.0
9eccb1c4-f0b0-4b46-82c7-40021622dfd0,6.0,1.0,6.0,0.4,0.2,2.0,4.0,1.0,4.0,0.2,0.2,1.0,0.0,0.0,6.0,0.0,0.0,6.0,4.800000000000001,0.8,6.0,3.2,0.8,4.0,4.2,0.6,7.0,3.0,0.6,5.0,4.8,0.6,8.0,5.0,1.0,5.0,1.2000000000000002,0.2,6.0,2.8,0.7,4.0,1.2000000000000002,0.2,6.0,2.8,0.7,4.0,2.0999999999999996,0.7,3.0,3.5,0.5,7.0,2.0,1.0,2.0,3.0,1.0,3.0,2.0,1.0,2.0,2.4000000000000004,0.4,6.0,0.8,0.8,1.0,8.0,1.0,8.0,10.0,1.0,10.0,4.0,0.8,5.0,4.8,0.6,8.0,6.4,0.8,8.0,8.0,1.0,8.0,8.0,1.0,8.0,3.84,0.48,8.0,32.49,1.7100000000000002,19.0,4.8999999999999995,0.7,7.0,6.0,0.6,10.0,8.0,0.8,10.0,8.0,1.0,8.0,7.2,0.8,9.0,1.7999999999999998,0.6,3.0,2.4000000000000004,0.4,6.0,7.0,1.0,7.0,2.8,0.7,4.0,2.0,1.0,2.0,10.0,1.0,10.0,10.0,1.0,10.0,1.4000000000000001,0.2,7.0,7.0,1.0,7.0,7.0,1.0,7.0,1.4000000000000001,0.2,7.0,5.0,1.0,5.0,1.0,0.2,5.0,7.0,1.0,7.0,7.0,1.0,7.0,5.0,1.0,5.0,5.0,1.0,5.0,5.0,1.0,5.0,10.0,1.0,10.0,10.0,1.0,10.0,10.0,1.0,10.0,10.0,1.0,10.0,10.0,1.0,10.0,10.0,1.0,10.0,10.0,1.0,10.0,10.0,1.0,10.0,10.0,1.0,10.0,10.0,1.0,10.0,10.0,1.0,10.0,10.0,1.0,10.0,2.0,0.2,10.0,8.0,1.0,8.0,7.0,1.0,7.0,5.0,1.0,5.0,10.0,1.0,10.0,0.0,0.0,10.0,0.0,0.0,10.0,6.0,0.6,10.0,1.6,0.2,8.0,5.0,1.0,5.0,10.0,1.0,10.0,4.0,0.4,10.0,6.0,0.6,10.0,10.0,1.0,10.0,6.0,0.6,10.0,11.2,11.2,16.0,35.0,35.0,35,1.0,1.0,1,5.0,5.0,5,5.4,5.4,9.0,15.0,15.0,15,4.0,4.0,10,8.0,8.0,8,4.0,4.0,4,0.6000000000000001,0.6000000000000001,6,3.5999999999999996,3.5999999999999996,6,16.0,16.0,16.0,13.0,13.0,13.0,16.0,16.0,16.0
aedc3304-8f7f-44f0-ad92-fb636da723b9,6.0,1.0,6.0,1.2,0.6,2.0,2.8,0.7,4.0,1.0,1.0,1.0,6.0,1.0,6.0,6.0,1.0,6.0,4.800000000000001,0.8,6.0,3.2,0.8,4.0,7.0,1.0,7.0,5.0,1.0,5.0,8.0,1.0,8.0,2.5,0.5,5.0,6.0,1.0,6.0,1.6,0.4,4.0,4.199999999999999,0.7,6.0,2.8,0.7,4.0,3.0,1.0,3.0,7.0,1.0,7.0,2.0,1.0,2.0,0.6000000000000001,0.2,3.0,0.4,0.2,2.0,2.4000000000000004,0.4,6.0,0.8,0.8,1.0,4.8,0.6,8.0,10.0,1.0,10.0,3.0,0.6,5.0,3.2,0.4,8.0,4.8,0.6,8.0,1.6,0.2,8.0,6.4,0.8,8.0,2.56,0.32,8.0,27.075,1.425,19.0,4.76,0.6799999999999999,7.0,8.0,0.8,10.0,6.0,0.6,10.0,8.0,1.0,8.0,9.0,1.0,9.0,2.4000000000000004,0.8,3.0,2.4000000000000004,0.4,6.0,1.4000000000000001,0.2,7.0,4.0,1.0,4.0,2.0,1.0,2.0,10.0,1.0,10.0,2.0,0.2,10.0,7.0,1.0,7.0,7.0,1.0,7.0,1.4000000000000001,0.2,7.0,7.0,1.0,7.0,1.0,0.2,5.0,5.0,1.0,5.0,7.0,1.0,7.0,7.0,1.0,7.0,5.0,1.0,5.0,5.0,1.0,5.0,1.0,0.2,5.0,10.0,1.0,10.0,2.0,0.2,10.0,10.0,1.0,10.0,10.0,1.0,10.0,10.0,1.0,10.0,10.0,1.0,10.0,2.0,0.2,10.0,10.0,1.0,10.0,10.0,1.0,10.0,10.0,1.0,10.0,10.0,1.0,10.0,10.0,1.0,10.0,10.0,1.0,10.0,4.8,0.6,8.0,1.4000000000000001,0.2,7.0,5.0,1.0,5.0,10.0,1.0,10.0,2.0,0.2,10.0,6.0,0.6,10.0,0.0,0.0,10.0,8.0,1.0,8.0,5.0,1.0,5.0,2.0,0.2,10.0,4.0,0.4,10.0,4.0,0.4,10.0,2.0,0.2,10.0,6.0,0.6,10.0,10.4,10.4,16.0,33.8,33.8,35,1.0,1.0,1,5.0,5.0,5,3.6,3.6,9.0,3.0,3.0,15,10.0,10.0,10,0.8,0.8,8,4.0,4.0,4,6.0,6.0,6,6.0,6.0,6,8.0,8.0,16.0,13.0,13.0,13.0,0.0,0.0,0.0
ca5978e5-0953-422b-9cd0-1c78285b6d57,6.0,1.0,6.0,0.8,0.4,2.0,4.0,1.0,4.0,1.0,1.0,1.0,4.800000000000001,0.8,6.0,4.800000000000001,0.8,6.0,6.0,1.0,6.0,4.0,1.0,4.0,7.0,1.0,7.0,5.0,1.0,5.0,8.0,1.0,8.0,5.0,1.0,5.0,6.0,1.0,6.0,2.8,0.7,4.0,6.0,1.0,6.0,2.8,0.7,4.0,1.2000000000000002,0.4,3.0,7.0,1.0,7.0,2.0,1.0,2.0,3.0,1.0,3.0,2.0,1.0,2.0,4.199999999999999,0.7,6.0,0.8,0.8,1.0,3.2,0.4,8.0,6.0,0.6,10.0,2.0,0.4,5.0,1.6,0.2,8.0,8.0,1.0,8.0,8.0,1.0,8.0,6.4,0.8,8.0,3.84,0.48,8.0,21.660000000000004,1.1400000000000001,19.0,4.34,0.62,7.0,10.0,1.0,10.0,4.0,0.4,10.0,6.4,0.8,8.0,7.2,0.8,9.0,2.4000000000000004,0.8,3.0,6.0,1.0,6.0,7.0,1.0,7.0,1.6,0.4,4.0,0.4,0.2,2.0,10.0,1.0,10.0,2.0,0.2,10.0,7.0,1.0,7.0,7.0,1.0,7.0,7.0,1.0,7.0,7.0,1.0,7.0,5.0,1.0,5.0,5.0,1.0,5.0,7.0,1.0,7.0,7.0,1.0,7.0,5.0,1.0,5.0,5.0,1.0,5.0,5.0,1.0,5.0,10.0,1.0,10.0,10.0,1.0,10.0,2.0,0.2,10.0,2.0,0.2,10.0,2.0,0.2,10.0,10.0,1.0,10.0,10.0,1.0,10.0,10.0,1.0,10.0,10.0,1.0,10.0,10.0,1.0,10.0,10.0,1.0,10.0,10.0,1.0,10.0,10.0,1.0,10.0,4.8,0.6,8.0,1.4000000000000001,0.2,7.0,1.0,0.2,5.0,0.0,0.0,10.0,0.0,0.0,10.0,0.0,0.0,10.0,2.0,0.2,10.0,8.0,1.0,8.0,5.0,1.0,5.0,2.0,0.2,10.0,4.0,0.4,10.0,10.0,1.0,10.0,4.0,0.4,10.0,10.0,1.0,10.0,0.0,0.0,0.0,30.0,30.0,35,0.6,0.6,1,4.4,4.4,5,3.6,3.6,9.0,15.0,15.0,15,3.5,3.5,10,8.0,8.0,8,4.0,4.0,4,6.0,6.0,6,6.0,6.0,6,0.0,0.0,0.0,6.5,6.5,13.0,0.0,0.0,0.0
96dfb142-f2b0-4840-97a4-e2505f99c8c5,0.0,0.0,6.0,1.2,0.6,2.0,1.6,0.4,4.0,1.0,1.0,1.0,4.800000000000001,0.8,6.0,4.800000000000001,0.8,6.0,2.4000000000000004,0.4,6.0,1.6,0.4,4.0,1.4000000000000001,0.2,7.0,1.0,0.2,5.0,1.6,0.2,8.0,1.0,0.2,5.0,2.4000000000000004,0.4,6.0,2.8,0.7,4.0,1.2000000000000002,0.2,6.0,0.8,0.2,4.0,0.6000000000000001,0.2,3.0,3.5,0.5,7.0,2.0,1.0,2.0,0.6000000000000001,0.2,3.0,0.4,0.2,2.0,6.0,1.0,6.0,0.2,0.2,1.0,6.4,0.8,8.0,10.0,1.0,10.0,3.0,0.6,5.0,3.2,0.4,8.0,4.8,0.6,8.0,8.0,1.0,8.0,4.8,0.6,8.0,3.84,0.48,8.0,27.075,1.425,19.0,4.8999999999999995,0.7,7.0,4.0,0.4,10.0,6.0,0.6,10.0,4.8,0.6,8.0,5.3999999999999995,0.6,9.0,3.0,1.0,3.0,6.0,1.0,6.0,7.0,1.0,7.0,2.8,0.7,4.0,2.0,1.0,2.0,10.0,1.0,10.0,10.0,1.0,10.0,7.0,1.0,7.0,7.0,1.0,7.0,7.0,1.0,7.0,7.0,1.0,7.0,5.0,1.0,5.0,5.0,1.0,5.0,7.0,1.0,7.0,7.0,1.0,7.0,5.0,1.0,5.0,1.0,0.2,5.0,1.0,0.2,5.0,10.0,1.0,10.0,10.0,1.0,10.0,10.0,1.0,10.0,10.0,1.0,10.0,10.0,1.0,10.0,10.0,1.0,10.0,10.0,1.0,10.0,2.0,0.2,10.0,10.0,1.0,10.0,10.0,1.0,10.0,10.0,1.0,10.0,10.0,1.0,10.0,10.0,1.0,10.0,4.8,0.6,8.0,4.2,0.6,7.0,5.0,1.0,5.0,10.0,1.0,10.0,10.0,1.0,10.0,10.0,1.0,10.0,0.0,0.0,10.0,1.6,0.2,8.0,5.0,1.0,5.0,10.0,1.0,10.0,2.0,0.2,10.0,4.0,0.4,10.0,10.0,1.0,10.0,4.0,0.4,10.0,0.0,0.0,0.0,31.6,31.6,35,1.0,1.0,1,4.4,4.4,5,3.6,3.6,9.0,15.0,15.0,15,3.5,3.5,10,8.0,8.0,8,4.0,4.0,4,0.0,0.0,6,6.0,6.0,6,0.0,0.0,0.0,7.8,7.8,13.0,16.0,16.0,16.0
ed01617b-cc4a-443c-a201-2ff019f08d58,3.0,0.5,6.0,1.2,0.6,2.0,1.6,0.4,4.0,0.2,0.2,1.0,0.0,0.0,6.0,0.0,0.0,6.0,2.4000000000000004,0.4,6.0,1.6,0.4,4.0,1.4000000000000001,0.2,7.0,1.0,0.2,5.0,1.6,0.2,8.0,2.5,0.5,5.0,6.0,1.0,6.0,0.8,0.2,4.0,2.4000000000000004,0.4,6.0,0.8,0.2,4.0,0.6000000000000001,0.2,3.0,1.4000000000000001,0.2,7.0,2.0,1.0,2.0,3.0,1.0,3.0,2.0,1.0,2.0,1.2000000000000002,0.2,6.0,0.2,0.2,1.0,6.4,0.8,8.0,10.0,1.0,10.0,3.0,0.6,5.0,3.2,0.4,8.0,1.6,0.2,8.0,1.6,0.2,8.0,6.4,0.8,8.0,3.84,0.48,8.0,32.49,1.7100000000000002,19.0,4.8999999999999995,0.7,7.0,10.0,1.0,10.0,8.0,0.8,10.0,8.0,1.0,8.0,5.3999999999999995,0.6,9.0,1.2000000000000002,0.4,3.0,2.4000000000000004,0.4,6.0,7.0,1.0,7.0,2.8,0.7,4.0,0.4,0.2,2.0,10.0,1.0,10.0,10.0,1.0,10.0,7.0,1.0,7.0,7.0,1.0,7.0,7.0,1.0,7.0,7.0,1.0,7.0,5.0,1.0,5.0,1.0,0.2,5.0,1.4000000000000001,0.2,7.0,7.0,1.0,7.0,1.0,0.2,5.0,1.0,0.2,5.0,5.0,1.0,5.0,10.0,1.0,10.0,10.0,1.0,10.0,10.0,1.0,10.0,10.0,1.0,10.0,10.0,1.0,10.0,2.0,0.2,10.0,10.0,1.0,10.0,10.0,1.0,10.0,10.0,1.0,10.0,10.0,1.0,10.0,10.0,1.0,10.0,10.0,1.0,10.0,10.0,1.0,10.0,1.6,0.2,8.0,7.0,1.0,7.0,5.0,1.0,5.0,10.0,1.0,10.0,6.0,0.6,10.0,2.0,0.2,10.0,0.0,0.0,10.0,1.6,0.2,8.0,1.0,0.2,5.0,10.0,1.0,10.0,4.0,0.4,10.0,4.0,0.4,10.0,6.0,0.6,10.0,4.0,0.4,10.0,0.0,0.0,0.0,31.0,31.0,35,1.0,1.0,1,3.8,3.8,5,3.6,3.6,9.0,15.0,15.0,15,10.0,10.0,10,8.0,8.0,8,4.0,4.0,4,2.4000000000000004,2.4000000000000004,6,6.0,6.0,6,8.0,8.0,16.0,6.5,6.5,13.0,11.2,11.2,16.0
f4b8d773-9a22-433a-a703-3b5bb0180e06,3.0,0.5,6.0,1.2,0.6,2.0,2.8,0.7,4.0,1.0,1.0,1.0,6.0,1.0,6.0,6.0,1.0,6.0,6.0,1.0,6.0,4.0,1.0,4.0,1.4000000000000001,0.2,7.0,1.0,0.2,5.0,1.6,0.2,8.0,5.0,1.0,5.0,4.199999999999999,0.7,6.0,2.8,0.7,4.0,4.199999999999999,0.7,6.0,4.0,1.0,4.0,1.2000000000000002,0.4,3.0,1.4000000000000001,0.2,7.0,2.0,1.0,2.0,3.0,1.0,3.0,2.0,1.0,2.0,2.4000000000000004,0.4,6.0,1.0,1.0,1.0,1.6,0.2,8.0,10.0,1.0,10.0,4.0,0.8,5.0,4.8,0.6,8.0,6.4,0.8,8.0,8.0,1.0,8.0,8.0,1.0,8.0,5.12,0.64,8.0,27.075,1.425,19.0,4.8999999999999995,0.7,7.0,8.0,0.8,10.0,10.0,1.0,10.0,4.8,0.6,8.0,9.0,1.0,9.0,2.4000000000000004,0.8,3.0,6.0,1.0,6.0,7.0,1.0,7.0,2.8,0.7,4.0,0.4,0.2,2.0,10.0,1.0,10.0,10.0,1.0,10.0,7.0,1.0,7.0,7.0,1.0,7.0,7.0,1.0,7.0,7.0,1.0,7.0,1.0,0.2,5.0,5.0,1.0,5.0,1.4000000000000001,0.2,7.0,1.4000000000000001,0.2,7.0,5.0,1.0,5.0,1.0,0.2,5.0,5.0,1.0,5.0,10.0,1.0,10.0,10.0,1.0,10.0,10.0,1.0,10.0,10.0,1.0,10.0,10.0,1.0,10.0,10.0,1.0,10.0,10.0,1.0,10.0,10.0,1.0,10.0,2.0,0.2,10.0,10.0,1.0,10.0,10.0,1.0,10.0,10.0,1.0,10.0,10.0,1.0,10.0,8.0,1.0,8.0,7.0,1.0,7.0,5.0,1.0,5.0,10.0,1.0,10.0,10.0,1.0,10.0,10.0,1.0,10.0,0.0,0.0,10.0,8.0,1.0,8.0,1.0,0.2,5.0,2.0,0.2,10.0,10.0,1.0,10.0,10.0,1.0,10.0,10.0,1.0,10.0,10.0,1.0,10.0,16.0,16.0,16.0,35.0,35.0,35,1.0,1.0,1,5.0,5.0,5,3.6,3.6,9.0,15.0,15.0,15,10.0,10.0,10,2.0,2.0,8,4.0,4.0,4,4.199999999999999,4.199999999999999,6,6.0,6.0,6,16.0,16.0,16.0,13.0,13.0,13.0,0.0,0.0,0.0
e71e100b-9c38-4017-be60-4a70791ffd89,3.0,0.5,6.0,0.0,0.0,2.0,2.8,0.7,4.0,0.2,0.2,1.0,0.0,0.0,6.0,0.0,0.0,6.0,2.4000000000000004,0.4,6.0,1.6,0.4,4.0,1.4000000000000001,0.2,7.0,1.0,0.2,5.0,1.6,0.2,8.0,2.5,0.5,5.0,2.4000000000000004,0.4,6.0,1.6,0.4,4.0,2.4000000000000004,0.4,6.0,1.6,0.4,4.0,0.6000000000000001,0.2,3.0,1.4000000000000001,0.2,7.0,2.0,1.0,2.0,3.0,1.0,3.0,2.0,1.0,2.0,6.0,1.0,6.0,0.8,0.8,1.0,4.8,0.6,8.0,10.0,1.0,10.0,4.0,0.8,5.0,4.8,0.6,8.0,6.4,0.8,8.0,8.0,1.0,8.0,3.2,0.4,8.0,2.56,0.32,8.0,21.660000000000004,1.1400000000000001,19.0,4.8999999999999995,0.7,7.0,10.0,1.0,10.0,2.0,0.2,10.0,4.8,0.6,8.0,5.3999999999999995,0.6,9.0,0.6000000000000001,0.2,3.0,4.199999999999999,0.7,6.0,7.0,1.0,7.0,4.0,1.0,4.0,2.0,1.0,2.0,10.0,1.0,10.0,10.0,1.0,10.0,7.0,1.0,7.0,1.4000000000000001,0.2,7.0,1.4000000000000001,0.2,7.0,7.0,1.0,7.0,1.0,0.2,5.0,5.0,1.0,5.0,7.0,1.0,7.0,7.0,1.0,7.0,1.0,0.2,5.0,5.0,1.0,5.0,5.0,1.0,5.0,10.0,1.0,10.0,10.0,1.0,10.0,10.0,1.0,10.0,10.0,1.0,10.0,10.0,1.0,10.0,10.0,1.0,10.0,10.0,1.0,10.0,2.0,0.2,10.0,2.0,0.2,10.0,10.0,1.0,10.0,10.0,1.0,10.0,10.0,1.0,10.0,2.0,0.2,10.0,8.0,1.0,8.0,7.0,1.0,7.0,5.0,1.0,5.0,6.0,0.6,10.0,10.0,1.0,10.0,10.0,1.0,10.0,0.0,0.0,10.0,1.6,0.2,8.0,5.0,1.0,5.0,10.0,1.0,10.0,4.0,0.4,10.0,6.0,0.6,10.0,4.0,0.4,10.0,6.0,0.6,10.0,16.0,16.0,16.0,34.0,34.0,35,1.0,1.0,1,5.0,5.0,5,5.4,5.4,9.0,1.5,1.5,15,4.0,4.0,10,8.0,8.0,8,1.2000000000000002,1.2000000000000002,4,6.0,6.0,6,2.0999999999999996,2.0999999999999996,6,0.0,0.0,0.0,0.0,0.0,0.0,0.0,0.0,0.0
35aebd4d-8d43-4997-9940-11a1b61b86b9,3.0,0.5,6.0,1.2,0.6,2.0,1.6,0.4,4.0,0.2,0.2,1.0,0.0,0.0,6.0,0.0,0.0,6.0,6.0,1.0,6.0,4.0,1.0,4.0,1.4000000000000001,0.2,7.0,1.0,0.2,5.0,1.6,0.2,8.0,5.0,1.0,5.0,4.199999999999999,0.7,6.0,0.8,0.2,4.0,6.0,1.0,6.0,2.8,0.7,4.0,3.0,1.0,3.0,1.4000000000000001,0.2,7.0,2.0,1.0,2.0,3.0,1.0,3.0,2.0,1.0,2.0,6.0,1.0,6.0,0.8,0.8,1.0,4.8,0.6,8.0,10.0,1.0,10.0,4.0,0.8,5.0,4.8,0.6,8.0,4.8,0.6,8.0,1.6,0.2,8.0,4.8,0.6,8.0,2.56,0.32,8.0,27.075,1.425,19.0,4.8999999999999995,0.7,7.0,8.0,0.8,10.0,8.0,0.8,10.0,6.4,0.8,8.0,5.3999999999999995,0.6,9.0,1.2000000000000002,0.4,3.0,6.0,1.0,6.0,1.4000000000000001,0.2,7.0,4.0,1.0,4.0,0.4,0.2,2.0,10.0,1.0,10.0,10.0,1.0,10.0,1.4000000000000001,0.2,7.0,7.0,1.0,7.0,7.0,1.0,7.0,7.0,1.0,7.0,1.0,0.2,5.0,5.0,1.0,5.0,1.4000000000000001,0.2,7.0,7.0,1.0,7.0,1.0,0.2,5.0,5.0,1.0,5.0,5.0,1.0,5.0,10.0,1.0,10.0,10.0,1.0,10.0,10.0,1.0,10.0,10.0,1.0,10.0,10.0,1.0,10.0,10.0,1.0,10.0,10.0,1.0,10.0,2.0,0.2,10.0,10.0,1.0,10.0,10.0,1.0,10.0,10.0,1.0,10.0,10.0,1.0,10.0,10.0,1.0,10.0,8.0,1.0,8.0,4.2,0.6,7.0,3.0,0.6,5.0,10.0,1.0,10.0,0.0,0.0,10.0,0.0,0.0,10.0,2.0,0.2,10.0,1.6,0.2,8.0,5.0,1.0,5.0,10.0,1.0,10.0,10.0,1.0,10.0,4.0,0.4,10.0,10.0,1.0,10.0,4.0,0.4,10.0,0.0,0.0,0.0,35.0,35.0,35,1.0,1.0,1,5.0,5.0,5,5.4,5.4,9.0,15.0,15.0,15,10.0,10.0,10,8.0,8.0,8,4.0,4.0,4,6.0,6.0,6,6.0,6.0,6,11.2,11.2,16.0,8.450000000000001,8.450000000000001,13.0,8.0,8.0,16.0
08b083c9-7dc7-4c0f-8972-65c2c5091634,6.0,1.0,6.0,0.8,0.4,2.0,2.8,0.7,4.0,0.2,0.2,1.0,0.0,0.0,6.0,0.0,0.0,6.0,6.0,1.0,6.0,4.0,1.0,4.0,7.0,1.0,7.0,5.0,1.0,5.0,8.0,1.0,8.0,5.0,1.0,5.0,4.199999999999999,0.7,6.0,1.6,0.4,4.0,1.2000000000000002,0.2,6.0,1.6,0.4,4.0,1.2000000000000002,0.4,3.0,3.5,0.5,7.0,0.0,0.0,2.0,3.0,1.0,3.0,2.0,1.0,2.0,6.0,1.0,6.0,0.8,0.8,1.0,6.4,0.8,8.0,6.0,0.6,10.0,2.0,0.4,5.0,1.6,0.2,8.0,3.2,0.4,8.0,1.6,0.2,8.0,6.4,0.8,8.0,3.84,0.48,8.0,27.075,1.425,19.0,4.8999999999999995,0.7,7.0,8.0,0.8,10.0,6.0,0.6,10.0,6.4,0.8,8.0,9.0,1.0,9.0,3.0,1.0,3.0,2.4000000000000004,0.4,6.0,7.0,1.0,7.0,0.8,0.2,4.0,2.0,1.0,2.0,2.0,0.2,10.0,10.0,1.0,10.0,1.4000000000000001,0.2,7.0,7.0,1.0,7.0,7.0,1.0,7.0,7.0,1.0,7.0,5.0,1.0,5.0,1.0,0.2,5.0,7.0,1.0,7.0,7.0,1.0,7.0,5.0,1.0,5.0,5.0,1.0,5.0,5.0,1.0,5.0,10.0,1.0,10.0,10.0,1.0,10.0,10.0,1.0,10.0,2.0,0.2,10.0,10.0,1.0,10.0,2.0,0.2,10.0,10.0,1.0,10.0,10.0,1.0,10.0,10.0,1.0,10.0,10.0,1.0,10.0,10.0,1.0,10.0,10.0,1.0,10.0,10.0,1.0,10.0,8.0,1.0,8.0,1.4000000000000001,0.2,7.0,3.0,0.6,5.0,0.0,0.0,10.0,0.0,0.0,10.0,0.0,0.0,10.0,10.0,1.0,10.0,1.6,0.2,8.0,5.0,1.0,5.0,2.0,0.2,10.0,6.0,0.6,10.0,6.0,0.6,10.0,6.0,0.6,10.0,4.0,0.4,10.0,0.0,0.0,0.0,25.2,25.2,35,1.0,1.0,1,5.0,5.0,5,3.6,3.6,9.0,0.0,0.0,15,10.0,10.0,10,8.0,8.0,8,2.4000000000000004,2.4000000000000004,4,6.0,6.0,6,6.0,6.0,6,9.600000000000001,9.600000000000001,16.0,0.0,0.0,0.0,16.0,16.0,16.0
aa4eff56-1ab9-41a4-ab01-c19d34c3f398,0.0,0.0,6.0,0.4,0.2,2.0,0.8,0.2,4.0,0.7,0.7,1.0,4.800000000000001,0.8,6.0,4.800000000000001,0.8,6.0,6.0,1.0,6.0,4.0,1.0,4.0,7.0,1.0,7.0,5.0,1.0,5.0,8.0,1.0,8.0,5.0,1.0,5.0,4.199999999999999,0.7,6.0,2.8,0.7,4.0,1.2000000000000002,0.2,6.0,2.8,0.7,4.0,0.6000000000000001,0.2,3.0,7.0,1.0,7.0,2.0,1.0,2.0,3.0,1.0,3.0,2.0,1.0,2.0,6.0,1.0,6.0,0.2,0.2,1.0,6.4,0.8,8.0,10.0,1.0,10.0,4.0,0.8,5.0,4.8,0.6,8.0,4.8,0.6,8.0,8.0,1.0,8.0,4.8,0.6,8.0,3.84,0.48,8.0,16.245,0.8550000000000001,19.0,3.6750000000000003,0.525,7.0,4.0,0.4,10.0,8.0,0.8,10.0,4.8,0.6,8.0,7.2,0.8,9.0,1.2000000000000002,0.4,3.0,6.0,1.0,6.0,7.0,1.0,7.0,2.8,0.7,4.0,2.0,1.0,2.0,10.0,1.0,10.0,10.0,1.0,10.0,1.4000000000000001,0.2,7.0,7.0,1.0,7.0,1.4000000000000001,0.2,7.0,1.4000000000000001,0.2,7.0,5.0,1.0,5.0,5.0,1.0,5.0,7.0,1.0,7.0,7.0,1.0,7.0,5.0,1.0,5.0,1.0,0.2,5.0,5.0,1.0,5.0,10.0,1.0,10.0,10.0,1.0,10.0,10.0,1.0,10.0,10.0,1.0,10.0,10.0,1.0,10.0,2.0,0.2,10.0,10.0,1.0,10.0,10.0,1.0,10.0,10.0,1.0,10.0,10.0,1.0,10.0,10.0,1.0,10.0,10.0,1.0,10.0,10.0,1.0,10.0,8.0,1.0,8.0,7.0,1.0,7.0,5.0,1.0,5.0,0.0,0.0,10.0,0.0,0.0,10.0,0.0,0.0,10.0,6.0,0.6,10.0,1.6,0.2,8.0,1.0,0.2,5.0,2.0,0.2,10.0,2.0,0.2,10.0,4.0,0.4,10.0,6.0,0.6,10.0,6.0,0.6,10.0,9.6,9.6,16.0,34.4,34.4,35,1.0,1.0,1,5.0,5.0,5,7.2,7.2,9.0,6.0,6.0,15,10.0,10.0,10,8.0,8.0,8,4.0,4.0,4,6.0,6.0,6,6.0,6.0,6,11.2,11.2,16.0,0.0,0.0,0.0,16.0,16.0,16.0
37a25dea-2b34-4e68-aa56-9fee227d82f9,0.0,0.0,6.0,1.2,0.6,2.0,4.0,1.0,4.0,0.7,0.7,1.0,2.4000000000000004,0.4,6.0,2.4000000000000004,0.4,6.0,6.0,1.0,6.0,4.0,1.0,4.0,7.0,1.0,7.0,5.0,1.0,5.0,8.0,1.0,8.0,2.5,0.5,5.0,6.0,1.0,6.0,4.0,1.0,4.0,2.4000000000000004,0.4,6.0,4.0,1.0,4.0,0.6000000000000001,0.2,3.0,3.5,0.5,7.0,0.0,0.0,2.0,3.0,1.0,3.0,2.0,1.0,2.0,6.0,1.0,6.0,0.2,0.2,1.0,8.0,1.0,8.0,10.0,1.0,10.0,3.0,0.6,5.0,3.2,0.4,8.0,6.4,0.8,8.0,8.0,1.0,8.0,4.8,0.6,8.0,2.56,0.32,8.0,30.684999999999995,1.6149999999999998,19.0,4.41,0.63,7.0,8.0,0.8,10.0,10.0,1.0,10.0,8.0,1.0,8.0,5.3999999999999995,0.6,9.0,1.2000000000000002,0.4,3.0,4.199999999999999,0.7,6.0,7.0,1.0,7.0,1.6,0.4,4.0,0.4,0.2,2.0,10.0,1.0,10.0,2.0,0.2,10.0,7.0,1.0,7.0,7.0,1.0,7.0,1.4000000000000001,0.2,7.0,7.0,1.0,7.0,5.0,1.0,5.0,5.0,1.0,5.0,7.0,1.0,7.0,7.0,1.0,7.0,1.0,0.2,5.0,5.0,1.0,5.0,5.0,1.0,5.0,10.0,1.0,10.0,10.0,1.0,10.0,10.0,1.0,10.0,10.0,1.0,10.0,2.0,0.2,10.0,10.0,1.0,10.0,2.0,0.2,10.0,10.0,1.0,10.0,10.0,1.0,10.0,10.0,1.0,10.0,10.0,1.0,10.0,10.0,1.0,10.0,10.0,1.0,10.0,1.6,0.2,8.0,7.0,1.0,7.0,5.0,1.0,5.0,10.0,1.0,10.0,10.0,1.0,10.0,10.0,1.0,10.0,0.0,0.0,10.0,8.0,1.0,8.0,1.0,0.2,5.0,10.0,1.0,10.0,4.0,0.4,10.0,6.0,0.6,10.0,2.0,0.2,10.0,4.0,0.4,10.0,0.0,0.0,0.0,34.2,34.2,35,1.0,1.0,1,4.6,4.6,5,3.6,3.6,9.0,15.0,15.0,15,10.0,10.0,10,8.0,8.0,8,2.4,2.4,4,6.0,6.0,6,6.0,6.0,6,11.2,11.2,16.0,0.0,0.0,0.0,0.0,0.0,0.0
98a4fa4f-0f31-493c-b606-9e19f2a0e568,6.0,1.0,6.0,1.2,0.6,2.0,0.8,0.2,4.0,0.7,0.7,1.0,3.5999999999999996,0.6,6.0,3.5999999999999996,0.6,6.0,4.800000000000001,0.8,6.0,3.2,0.8,4.0,2.8000000000000003,0.4,7.0,2.0,0.4,5.0,3.2,0.4,8.0,5.0,1.0,5.0,4.199999999999999,0.7,6.0,0.8,0.2,4.0,6.0,1.0,6.0,1.6,0.4,4.0,2.0999999999999996,0.7,3.0,7.0,1.0,7.0,2.0,1.0,2.0,3.0,1.0,3.0,2.0,1.0,2.0,4.199999999999999,0.7,6.0,1.0,1.0,1.0,3.2,0.4,8.0,4.0,0.4,10.0,1.0,0.2,5.0,1.6,0.2,8.0,3.2,0.4,8.0,1.6,0.2,8.0,3.2,0.4,8.0,3.84,0.48,8.0,0.0,0.0,19.0,1.7149999999999999,0.24499999999999997,7.0,8.0,0.8,10.0,10.0,1.0,10.0,6.4,0.8,8.0,7.2,0.8,9.0,3.0,1.0,3.0,6.0,1.0,6.0,7.0,1.0,7.0,0.8,0.2,4.0,2.0,1.0,2.0,10.0,1.0,10.0,10.0,1.0,10.0,7.0,1.0,7.0,7.0,1.0,7.0,7.0,1.0,7.0,1.4000000000000001,0.2,7.0,5.0,1.0,5.0,5.0,1.0,5.0,7.0,1.0,7.0,7.0,1.0,7.0,5.0,1.0,5.0,5.0,1.0,5.0,5.0,1.0,5.0,10.0,1.0,10.0,10.0,1.0,10.0,2.0,0.2,10.0,10.0,1.0,10.0,10.0,1.0,10.0,10.0,1.0,10.0,10.0,1.0,10.0,10.0,1.0,10.0,2.0,0.2,10.0,10.0,1.0,10.0,10.0,1.0,10.0,10.0,1.0,10.0,10.0,1.0,10.0,8.0,1.0,8.0,1.4000000000000001,0.2,7.0,5.0,1.0,5.0,0.0,0.0,10.0,10.0,1.0,10.0,2.0,0.2,10.0,0.0,0.0,10.0,8.0,1.0,8.0,5.0,1.0,5.0,10.0,1.0,10.0,4.0,0.4,10.0,2.0,0.2,10.0,4.0,0.4,10.0,4.0,0.4,10.0,8.0,8.0,16.0,23.4,23.4,35,0.4,0.4,1,4.2,4.2,5,3.6,3.6,9.0,4.500000000000001,4.500000000000001,15,10.0,10.0,10,8.0,8.0,8,0.4,0.4,4,3.5999999999999996,3.5999999999999996,6,6.0,6.0,6,16.0,16.0,16.0,9.1,9.1,13.0,0.0,0.0,0.0
b4d0263f-f67d-40e6-9ac3-d3bb1d5d40ef,0.0,0.0,6.0,1.2,0.6,2.0,2.8,0.7,4.0,0.2,0.2,1.0,0.0,0.0,6.0,0.0,0.0,6.0,6.0,1.0,6.0,4.0,1.0,4.0,7.0,1.0,7.0,5.0,1.0,5.0,8.0,1.0,8.0,1.0,0.2,5.0,2.4000000000000004,0.4,6.0,0.8,0.2,4.0,1.2000000000000002,0.2,6.0,0.8,0.2,4.0,0.6000000000000001,0.2,3.0,1.4000000000000001,0.2,7.0,2.0,1.0,2.0,3.0,1.0,3.0,2.0,1.0,2.0,6.0,1.0,6.0,0.2,0.2,1.0,1.6,0.2,8.0,10.0,1.0,10.0,3.0,0.6,5.0,3.2,0.4,8.0,1.6,0.2,8.0,1.6,0.2,8.0,3.2,0.4,8.0,1.28,0.16,8.0,0.0,0.0,19.0,1.2249999999999999,0.175,7.0,8.0,0.8,10.0,4.0,0.4,10.0,4.8,0.6,8.0,7.2,0.8,9.0,3.0,1.0,3.0,4.199999999999999,0.7,6.0,1.4000000000000001,0.2,7.0,4.0,1.0,4.0,0.4,0.2,2.0,2.0,0.2,10.0,10.0,1.0,10.0,1.4000000000000001,0.2,7.0,7.0,1.0,7.0,1.4000000000000001,0.2,7.0,7.0,1.0,7.0,5.0,1.0,5.0,1.0,0.2,5.0,7.0,1.0,7.0,7.0,1.0,7.0,1.0,0.2,5.0,5.0,1.0,5.0,1.0,0.2,5.0,10.0,1.0,10.0,10.0,1.0,10.0,10.0,1.0,10.0,10.0,1.0,10.0,10.0,1.0,10.0,10.0,1.0,10.0,10.0,1.0,10.0,10.0,1.0,10.0,10.0,1.0,10.0,10.0,1.0,10.0,10.0,1.0,10.0,10.0,1.0,10.0,10.0,1.0,10.0,1.6,0.2,8.0,1.4000000000000001,0.2,7.0,1.0,0.2,5.0,2.0,0.2,10.0,0.0,0.0,10.0,0.0,0.0,10.0,2.0,0.2,10.0,8.0,1.0,8.0,1.0,0.2,5.0,10.0,1.0,10.0,4.0,0.4,10.0,10.0,1.0,10.0,6.0,0.6,10.0,6.0,0.6,10.0,0.0,0.0,0.0,31.8,31.8,35,1.0,1.0,1,5.0,5.0,5,3.6,3.6,9.0,5.25,5.25,15,10.0,10.0,10,4.0,4.0,8,4.0,4.0,4,6.0,6.0,6,5.4,5.4,6,0.0,0.0,0.0,0.0,0.0,0.0,0.0,0.0,0.0
8fca1096-9f07-47f6-a3d7-f8e3c16b0881,6.0,1.0,6.0,0.4,0.2,2.0,2.8,0.7,4.0,0.7,0.7,1.0,6.0,1.0,6.0,6.0,1.0,6.0,6.0,1.0,6.0,4.0,1.0,4.0,7.0,1.0,7.0,5.0,1.0,5.0,8.0,1.0,8.0,5.0,1.0,5.0,4.199999999999999,0.7,6.0,1.6,0.4,4.0,6.0,1.0,6.0,4.0,1.0,4.0,3.0,1.0,3.0,3.5,0.5,7.0,2.0,1.0,2.0,3.0,1.0,3.0,2.0,1.0,2.0,6.0,1.0,6.0,1.0,1.0,1.0,8.0,1.0,8.0,10.0,1.0,10.0,4.0,0.8,5.0,4.8,0.6,8.0,6.4,0.8,8.0,8.0,1.0,8.0,4.8,0.6,8.0,2.56,0.32,8.0,21.660000000000004,1.1400000000000001,19.0,4.55,0.65,7.0,6.0,0.6,10.0,4.0,0.4,10.0,4.8,0.6,8.0,9.0,1.0,9.0,1.7999999999999998,0.6,3.0,6.0,1.0,6.0,1.4000000000000001,0.2,7.0,4.0,1.0,4.0,2.0,1.0,2.0,2.0,0.2,10.0,2.0,0.2,10.0,7.0,1.0,7.0,7.0,1.0,7.0,7.0,1.0,7.0,7.0,1.0,7.0,5.0,1.0,5.0,5.0,1.0,5.0,7.0,1.0,7.0,7.0,1.0,7.0,5.0,1.0,5.0,5.0,1.0,5.0,5.0,1.0,5.0,10.0,1.0,10.0,10.0,1.0,10.0,10.0,1.0,10.0,10.0,1.0,10.0,10.0,1.0,10.0,10.0,1.0,10.0,10.0,1.0,10.0,10.0,1.0,10.0,10.0,1.0,10.0,10.0,1.0,10.0,10.0,1.0,10.0,10.0,1.0,10.0,2.0,0.2,10.0,8.0,1.0,8.0,7.0,1.0,7.0,5.0,1.0,5.0,10.0,1.0,10.0,0.0,0.0,10.0,0.0,0.0,10.0,10.0,1.0,10.0,1.6,0.2,8.0,5.0,1.0,5.0,10.0,1.0,10.0,10.0,1.0,10.0,10.0,1.0,10.0,6.0,0.6,10.0,10.0,1.0,10.0,16.0,16.0,16.0,35.0,35.0,35,1.0,1.0,1,5.0,5.0,5,5.4,5.4,9.0,6.75,6.75,15,3.0000000000000004,3.0000000000000004,10,8.0,8.0,8,4.0,4.0,4,6.0,6.0,6,6.0,6.0,6,16.0,16.0,16.0,0.0,0.0,0.0,16.0,16.0,16.0
6c8c10e3-c964-429a-9da2-e58d3c35afcf,6.0,1.0,6.0,0.4,0.2,2.0,1.6,0.4,4.0,1.0,1.0,1.0,3.5999999999999996,0.6,6.0,3.5999999999999996,0.6,6.0,6.0,1.0,6.0,4.0,1.0,4.0,4.2,0.6,7.0,3.0,0.6,5.0,4.8,0.6,8.0,5.0,1.0,5.0,6.0,1.0,6.0,2.8,0.7,4.0,2.4000000000000004,0.4,6.0,1.6,0.4,4.0,2.0999999999999996,0.7,3.0,7.0,1.0,7.0,2.0,1.0,2.0,3.0,1.0,3.0,2.0,1.0,2.0,4.199999999999999,0.7,6.0,0.2,0.2,1.0,6.4,0.8,8.0,10.0,1.0,10.0,4.0,0.8,5.0,4.8,0.6,8.0,4.8,0.6,8.0,1.6,0.2,8.0,4.8,0.6,8.0,2.56,0.32,8.0,27.075,1.425,19.0,4.8999999999999995,0.7,7.0,4.0,0.4,10.0,8.0,0.8,10.0,6.4,0.8,8.0,3.6,0.4,9.0,1.7999999999999998,0.6,3.0,6.0,1.0,6.0,7.0,1.0,7.0,1.6,0.4,4.0,0.4,0.2,2.0,10.0,1.0,10.0,10.0,1.0,10.0,7.0,1.0,7.0,7.0,1.0,7.0,7.0,1.0,7.0,7.0,1.0,7.0,5.0,1.0,5.0,5.0,1.0,5.0,7.0,1.0,7.0,7.0,1.0,7.0,5.0,1.0,5.0,5.0,1.0,5.0,5.0,1.0,5.0,10.0,1.0,10.0,10.0,1.0,10.0,10.0,1.0,10.0,10.0,1.0,10.0,2.0,0.2,10.0,10.0,1.0,10.0,10.0,1.0,10.0,10.0,1.0,10.0,10.0,1.0,10.0,10.0,1.0,10.0,10.0,1.0,10.0,2.0,0.2,10.0,10.0,1.0,10.0,4.8,0.6,8.0,7.0,1.0,7.0,3.0,0.6,5.0,10.0,1.0,10.0,2.0,0.2,10.0,10.0,1.0,10.0,0.0,0.0,10.0,8.0,1.0,8.0,1.0,0.2,5.0,10.0,1.0,10.0,6.0,0.6,10.0,6.0,0.6,10.0,4.0,0.4,10.0,4.0,0.4,10.0,0.0,0.0,0.0,33.4,33.4,35,1.0,1.0,1,4.2,4.2,5,5.4,5.4,9.0,15.0,15.0,15,10.0,10.0,10,8.0,8.0,8,0.0,0.0,4,6.0,6.0,6,6.0,6.0,6,8.0,8.0,16.0,0.0,0.0,0.0,0.0,0.0,0.0
eedc1398-4c47-41d7-bf67-bb5e9b1da934,6.0,1.0,6.0,1.2,0.6,2.0,0.8,0.2,4.0,0.2,0.2,1.0,0.0,0.0,6.0,0.0,0.0,6.0,1.2000000000000002,0.2,6.0,0.8,0.2,4.0,1.4000000000000001,0.2,7.0,1.0,0.2,5.0,1.6,0.2,8.0,1.0,0.2,5.0,4.199999999999999,0.7,6.0,1.6,0.4,4.0,1.2000000000000002,0.2,6.0,2.8,0.7,4.0,1.2000000000000002,0.4,3.0,1.4000000000000001,0.2,7.0,1.4,0.7,2.0,0.6000000000000001,0.2,3.0,0.4,0.2,2.0,1.2000000000000002,0.2,6.0,0.2,0.2,1.0,6.4,0.8,8.0,10.0,1.0,10.0,3.0,0.6,5.0,3.2,0.4,8.0,4.8,0.6,8.0,8.0,1.0,8.0,4.8,0.6,8.0,3.84,0.48,8.0,16.245,0.8550000000000001,19.0,4.165,0.595,7.0,6.0,0.6,10.0,6.0,0.6,10.0,4.8,0.6,8.0,9.0,1.0,9.0,1.7999999999999998,0.6,3.0,6.0,1.0,6.0,7.0,1.0,7.0,2.8,0.7,4.0,2.0,1.0,2.0,2.0,0.2,10.0,10.0,1.0,10.0,7.0,1.0,7.0,7.0,1.0,7.0,1.4000000000000001,0.2,7.0,7.0,1.0,7.0,1.0,0.2,5.0,5.0,1.0,5.0,7.0,1.0,7.0,7.0,1.0,7.0,5.0,1.0,5.0,5.0,1.0,5.0,5.0,1.0,5.0,2.0,0.2,10.0,10.0,1.0,10.0,10.0,1.0,10.0,10.0,1.0,10.0,10.0,1.0,10.0,10.0,1.0,10.0,10.0,1.0,10.0,10.0,1.0,10.0,10.0,1.0,10.0,10.0,1.0,10.0,10.0,1.0,10.0,10.0,1.0,10.0,10.0,1.0,10.0,1.6,0.2,8.0,1.4000000000000001,0.2,7.0,1.0,0.2,5.0,2.0,0.2,10.0,2.0,0.2,10.0,10.0,1.0,10.0,0.0,0.0,10.0,8.0,1.0,8.0,1.0,0.2,5.0,10.0,1.0,10.0,2.0,0.2,10.0,4.0,0.4,10.0,4.0,0.4,10.0,4.0,0.4,10.0,9.6,9.6,16.0,34.0,34.0,35,1.0,1.0,1,5.0,5.0,5,3.6,3.6,9.0,15.0,15.0,15,10.0,10.0,10,8.0,8.0,8,4.0,4.0,4,6.0,6.0,6,6.0,6.0,6,11.2,11.2,16.0,0.0,0.0,0.0,16.0,16.0,16.0
d02a9785-1b15-4e3e-9ade-a529a5fca7af,6.0,1.0,6.0,0.8,0.4,2.0,4.0,1.0,4.0,0.7,0.7,1.0,4.800000000000001,0.8,6.0,4.800000000000001,0.8,6.0,6.0,1.0,6.0,4.0,1.0,4.0,1.4000000000000001,0.2,7.0,1.0,0.2,5.0,1.6,0.2,8.0,5.0,1.0,5.0,6.0,1.0,6.0,1.6,0.4,4.0,4.199999999999999,0.7,6.0,1.6,0.4,4.0,2.0999999999999996,0.7,3.0,3.5,0.5,7.0,2.0,1.0,2.0,3.0,1.0,3.0,2.0,1.0,2.0,6.0,1.0,6.0,0.8,0.8,1.0,6.4,0.8,8.0,10.0,1.0,10.0,5.0,1.0,5.0,8.0,1.0,8.0,3.2,0.4,8.0,1.6,0.2,8.0,6.4,0.8,8.0,2.56,0.32,8.0,21.660000000000004,1.1400000000000001,19.0,1.2249999999999999,0.175,7.0,6.0,0.6,10.0,10.0,1.0,10.0,6.4,0.8,8.0,9.0,1.0,9.0,3.0,1.0,3.0,2.4000000000000004,0.4,6.0,7.0,1.0,7.0,4.0,1.0,4.0,2.0,1.0,2.0,10.0,1.0,10.0,2.0,0.2,10.0,7.0,1.0,7.0,7.0,1.0,7.0,1.4000000000000001,0.2,7.0,1.4000000000000001,0.2,7.0,5.0,1.0,5.0,1.0,0.2,5.0,7.0,1.0,7.0,1.4000000000000001,0.2,7.0,5.0,1.0,5.0,5.0,1.0,5.0,1.0,0.2,5.0,10.0,1.0,10.0,10.0,1.0,10.0,10.0,1.0,10.0,10.0,1.0,10.0,10.0,1.0,10.0,2.0,0.2,10.0,10.0,1.0,10.0,10.0,1.0,10.0,10.0,1.0,10.0,10.0,1.0,10.0,10.0,1.0,10.0,2.0,0.2,10.0,2.0,0.2,10.0,8.0,1.0,8.0,7.0,1.0,7.0,5.0,1.0,5.0,0.0,0.0,10.0,0.0,0.0,10.0,0.0,0.0,10.0,10.0,1.0,10.0,1.6,0.2,8.0,5.0,1.0,5.0,10.0,1.0,10.0,4.0,0.4,10.0,10.0,1.0,10.0,4.0,0.4,10.0,4.0,0.4,10.0,0.0,0.0,0.0,35.0,35.0,35,1.0,1.0,1,5.0,5.0,5,7.2,7.2,9.0,15.0,15.0,15,0.0,0.0,10,8.0,8.0,8,4.0,4.0,4,6.0,6.0,6,4.800000000000001,4.800000000000001,6,9.6,9.6,16.0,0.0,0.0,0.0,11.2,11.2,16.0
385683b2-4867-43c9-b75d-6157ee02f690,6.0,1.0,6.0,0.8,0.4,2.0,4.0,1.0,4.0,0.7,0.7,1.0,6.0,1.0,6.0,6.0,1.0,6.0,6.0,1.0,6.0,4.0,1.0,4.0,7.0,1.0,7.0,5.0,1.0,5.0,8.0,1.0,8.0,1.0,0.2,5.0,4.199999999999999,0.7,6.0,4.0,1.0,4.0,2.4000000000000004,0.4,6.0,2.8,0.7,4.0,2.0999999999999996,0.7,3.0,7.0,1.0,7.0,2.0,1.0,2.0,0.6000000000000001,0.2,3.0,0.4,0.2,2.0,1.2000000000000002,0.2,6.0,0.8,0.8,1.0,6.4,0.8,8.0,6.0,0.6,10.0,2.0,0.4,5.0,1.6,0.2,8.0,6.4,0.8,8.0,1.6,0.2,8.0,4.8,0.6,8.0,3.84,0.48,8.0,32.49,1.7100000000000002,19.0,4.8999999999999995,0.7,7.0,8.0,0.8,10.0,10.0,1.0,10.0,6.4,0.8,8.0,7.2,0.8,9.0,1.2000000000000002,0.4,3.0,6.0,1.0,6.0,7.0,1.0,7.0,1.6,0.4,4.0,2.0,1.0,2.0,10.0,1.0,10.0,2.0,0.2,10.0,7.0,1.0,7.0,7.0,1.0,7.0,7.0,1.0,7.0,7.0,1.0,7.0,5.0,1.0,5.0,5.0,1.0,5.0,7.0,1.0,7.0,1.4000000000000001,0.2,7.0,5.0,1.0,5.0,5.0,1.0,5.0,1.0,0.2,5.0,10.0,1.0,10.0,2.0,0.2,10.0,2.0,0.2,10.0,10.0,1.0,10.0,10.0,1.0,10.0,10.0,1.0,10.0,10.0,1.0,10.0,10.0,1.0,10.0,10.0,1.0,10.0,10.0,1.0,10.0,10.0,1.0,10.0,10.0,1.0,10.0,10.0,1.0,10.0,1.6,0.2,8.0,7.0,1.0,7.0,5.0,1.0,5.0,10.0,1.0,10.0,0.0,0.0,10.0,0.0,0.0,10.0,10.0,1.0,10.0,1.6,0.2,8.0,1.0,0.2,5.0,2.0,0.2,10.0,10.0,1.0,10.0,10.0,1.0,10.0,2.0,0.2,10.0,2.0,0.2,10.0,11.2,11.2,16.0,32.0,32.0,35,0.6,0.6,1,5.0,5.0,5,3.6,3.6,9.0,4.500000000000001,4.500000000000001,15,10.0,10.0,10,8.0,8.0,8,0.0,0.0,4,6.0,6.0,6,6.0,6.0,6,11.2,11.2,16.0,6.5,6.5,13.0,0.0,0.0,0.0
8ff2a44d-0c31-4316-9a78-8b035cc29355,6.0,1.0,6.0,1.2,0.6,2.0,1.6,0.4,4.0,0.2,0.2,1.0,0.0,0.0,6.0,0.0,0.0,6.0,6.0,1.0,6.0,4.0,1.0,4.0,1.4000000000000001,0.2,7.0,1.0,0.2,5.0,1.6,0.2,8.0,5.0,1.0,5.0,4.199999999999999,0.7,6.0,4.0,1.0,4.0,1.2000000000000002,0.2,6.0,2.8,0.7,4.0,1.2000000000000002,0.4,3.0,1.4000000000000001,0.2,7.0,2.0,1.0,2.0,3.0,1.0,3.0,2.0,1.0,2.0,6.0,1.0,6.0,0.8,0.8,1.0,3.2,0.4,8.0,10.0,1.0,10.0,4.0,0.8,5.0,4.8,0.6,8.0,3.2,0.4,8.0,1.6,0.2,8.0,1.6,0.2,8.0,3.84,0.48,8.0,16.245,0.8550000000000001,19.0,1.2249999999999999,0.175,7.0,4.0,0.4,10.0,6.0,0.6,10.0,8.0,1.0,8.0,9.0,1.0,9.0,2.4000000000000004,0.8,3.0,4.199999999999999,0.7,6.0,7.0,1.0,7.0,4.0,1.0,4.0,0.4,0.2,2.0,10.0,1.0,10.0,10.0,1.0,10.0,7.0,1.0,7.0,7.0,1.0,7.0,7.0,1.0,7.0,1.4000000000000001,0.2,7.0,5.0,1.0,5.0,5.0,1.0,5.0,7.0,1.0,7.0,1.4000000000000001,0.2,7.0,5.0,1.0,5.0,5.0,1.0,5.0,1.0,0.2,5.0,2.0,0.2,10.0,2.0,0.2,10.0,2.0,0.2,10.0,10.0,1.0,10.0,2.0,0.2,10.0,10.0,1.0,10.0,10.0,1.0,10.0,10.0,1.0,10.0,10.0,1.0,10.0,2.0,0.2,10.0,10.0,1.0,10.0,10.0,1.0,10.0,10.0,1.0,10.0,1.6,0.2,8.0,7.0,1.0,7.0,5.0,1.0,5.0,10.0,1.0,10.0,0.0,0.0,10.0,0.0,0.0,10.0,6.0,0.6,10.0,1.6,0.2,8.0,5.0,1.0,5.0,10.0,1.0,10.0,6.0,0.6,10.0,4.0,0.4,10.0,6.0,0.6,10.0,4.0,0.4,10.0,16.0,16.0,16.0,35.0,35.0,35,1.0,1.0,1,5.0,5.0,5,5.4,5.4,9.0,15.0,15.0,15,10.0,10.0,10,8.0,8.0,8,4.0,4.0,4,1.8000000000000003,1.8000000000000003,6,6.0,6.0,6,0.0,0.0,0.0,13.0,13.0,13.0,16.0,16.0,16.0
24470fe9-9c80-46fd-8a95-6b032423f32a,6.0,1.0,6.0,0.8,0.4,2.0,4.0,1.0,4.0,0.7,0.7,1.0,4.800000000000001,0.8,6.0,4.800000000000001,0.8,6.0,6.0,1.0,6.0,4.0,1.0,4.0,4.2,0.6,7.0,3.0,0.6,5.0,4.8,0.6,8.0,2.5,0.5,5.0,2.4000000000000004,0.4,6.0,4.0,1.0,4.0,6.0,1.0,6.0,0.8,0.2,4.0,3.0,1.0,3.0,7.0,1.0,7.0,2.0,1.0,2.0,3.0,1.0,3.0,2.0,1.0,2.0,6.0,1.0,6.0,0.8,0.8,1.0,6.4,0.8,8.0,10.0,1.0,10.0,3.0,0.6,5.0,3.2,0.4,8.0,6.4,0.8,8.0,1.6,0.2,8.0,1.6,0.2,8.0,2.56,0.32,8.0,32.49,1.7100000000000002,19.0,4.8999999999999995,0.7,7.0,4.0,0.4,10.0,8.0,0.8,10.0,6.4,0.8,8.0,5.3999999999999995,0.6,9.0,2.4000000000000004,0.8,3.0,4.199999999999999,0.7,6.0,7.0,1.0,7.0,2.8,0.7,4.0,2.0,1.0,2.0,10.0,1.0,10.0,10.0,1.0,10.0,7.0,1.0,7.0,1.4000000000000001,0.2,7.0,7.0,1.0,7.0,7.0,1.0,7.0,5.0,1.0,5.0,1.0,0.2,5.0,1.4000000000000001,0.2,7.0,7.0,1.0,7.0,5.0,1.0,5.0,5.0,1.0,5.0,1.0,0.2,5.0,10.0,1.0,10.0,10.0,1.0,10.0,2.0,0.2,10.0,10.0,1.0,10.0,10.0,1.0,10.0,2.0,0.2,10.0,10.0,1.0,10.0,10.0,1.0,10.0,10.0,1.0,10.0,10.0,1.0,10.0,10.0,1.0,10.0,2.0,0.2,10.0,10.0,1.0,10.0,8.0,1.0,8.0,1.4000000000000001,0.2,7.0,5.0,1.0,5.0,10.0,1.0,10.0,0.0,0.0,10.0,0.0,0.0,10.0,2.0,0.2,10.0,1.6,0.2,8.0,5.0,1.0,5.0,10.0,1.0,10.0,4.0,0.4,10.0,4.0,0.4,10.0,2.0,0.2,10.0,10.0,1.0,10.0,16.0,16.0,16.0,33.6,33.6,35,1.0,1.0,1,4.4,4.4,5,3.6,3.6,9.0,3.0,3.0,15,1.0,1.0,10,8.0,8.0,8,2.4,2.4,4,6.0,6.0,6,6.0,6.0,6,9.6,9.6,16.0,9.1,9.1,13.0,0.0,0.0,0.0
91a07049-56b7-4a56-ab2d-7da5d59bba3c,0.0,0.0,6.0,1.2,0.6,2.0,4.0,1.0,4.0,0.2,0.2,1.0,0.0,0.0,6.0,0.0,0.0,6.0,2.4000000000000004,0.4,6.0,1.6,0.4,4.0,1.4000000000000001,0.2,7.0,1.0,0.2,5.0,1.6,0.2,8.0,1.0,0.2,5.0,1.2000000000000002,0.2,6.0,0.8,0.2,4.0,1.2000000000000002,0.2,6.0,1.6,0.4,4.0,0.6000000000000001,0.2,3.0,3.5,0.5,7.0,2.0,1.0,2.0,3.0,1.0,3.0,2.0,1.0,2.0,4.199999999999999,0.7,6.0,0.8,0.8,1.0,6.4,0.8,8.0,6.0,0.6,10.0,2.0,0.4,5.0,1.6,0.2,8.0,4.8,0.6,8.0,8.0,1.0,8.0,6.4,0.8,8.0,2.56,0.32,8.0,25.270000000000003,1.33,19.0,1.2249999999999999,0.175,7.0,6.0,0.6,10.0,8.0,0.8,10.0,3.2,0.4,8.0,5.3999999999999995,0.6,9.0,3.0,1.0,3.0,4.199999999999999,0.7,6.0,7.0,1.0,7.0,2.8,0.7,4.0,2.0,1.0,2.0,10.0,1.0,10.0,10.0,1.0,10.0,7.0,1.0,7.0,7.0,1.0,7.0,7.0,1.0,7.0,7.0,1.0,7.0,5.0,1.0,5.0,5.0,1.0,5.0,7.0,1.0,7.0,7.0,1.0,7.0,5.0,1.0,5.0,5.0,1.0,5.0,5.0,1.0,5.0,10.0,1.0,10.0,10.0,1.0,10.0,10.0,1.0,10.0,10.0,1.0,10.0,2.0,0.2,10.0,10.0,1.0,10.0,10.0,1.0,10.0,2.0,0.2,10.0,2.0,0.2,10.0,10.0,1.0,10.0,10.0,1.0,10.0,2.0,0.2,10.0,10.0,1.0,10.0,1.6,0.2,8.0,7.0,1.0,7.0,5.0,1.0,5.0,10.0,1.0,10.0,2.0,0.2,10.0,10.0,1.0,10.0,0.0,0.0,10.0,1.6,0.2,8.0,5.0,1.0,5.0,10.0,1.0,10.0,4.0,0.4,10.0,4.0,0.4,10.0,2.0,0.2,10.0,6.0,0.6,10.0,9.6,9.6,16.0,31.8,31.8,35,1.0,1.0,1,5.0,5.0,5,3.6,3.6,9.0,15.0,15.0,15,6.5,6.5,10,8.0,8.0,8,4.0,4.0,4,6.0,6.0,6,1.2000000000000002,1.2000000000000002,6,8.0,8.0,16.0,8.450000000000001,8.450000000000001,13.0,0.0,0.0,0.0
f51e9266-4122-4bc8-a7a6-885dd4ebaeb3,6.0,1.0,6.0,1.2,0.6,2.0,1.6,0.4,4.0,0.2,0.2,1.0,0.0,0.0,6.0,0.0,0.0,6.0,6.0,1.0,6.0,4.0,1.0,4.0,7.0,1.0,7.0,5.0,1.0,5.0,8.0,1.0,8.0,1.0,0.2,5.0,2.4000000000000004,0.4,6.0,2.8,0.7,4.0,4.199999999999999,0.7,6.0,2.8,0.7,4.0,1.2000000000000002,0.4,3.0,1.4000000000000001,0.2,7.0,1.4,0.7,2.0,3.0,1.0,3.0,2.0,1.0,2.0,6.0,1.0,6.0,0.8,0.8,1.0,1.6,0.2,8.0,10.0,1.0,10.0,4.0,0.8,5.0,4.8,0.6,8.0,6.4,0.8,8.0,1.6,0.2,8.0,8.0,1.0,8.0,2.56,0.32,8.0,0.0,0.0,19.0,3.6750000000000003,0.525,7.0,8.0,0.8,10.0,10.0,1.0,10.0,4.8,0.6,8.0,9.0,1.0,9.0,2.4000000000000004,0.8,3.0,6.0,1.0,6.0,7.0,1.0,7.0,0.8,0.2,4.0,2.0,1.0,2.0,10.0,1.0,10.0,2.0,0.2,10.0,7.0,1.0,7.0,7.0,1.0,7.0,7.0,1.0,7.0,1.4000000000000001,0.2,7.0,5.0,1.0,5.0,5.0,1.0,5.0,7.0,1.0,7.0,1.4000000000000001,0.2,7.0,5.0,1.0,5.0,5.0,1.0,5.0,5.0,1.0,5.0,10.0,1.0,10.0,10.0,1.0,10.0,10.0,1.0,10.0,10.0,1.0,10.0,10.0,1.0,10.0,10.0,1.0,10.0,10.0,1.0,10.0,10.0,1.0,10.0,2.0,0.2,10.0,10.0,1.0,10.0,10.0,1.0,10.0,10.0,1.0,10.0,10.0,1.0,10.0,1.6,0.2,8.0,7.0,1.0,7.0,5.0,1.0,5.0,2.0,0.2,10.0,0.0,0.0,10.0,0.0,0.0,10.0,2.0,0.2,10.0,1.6,0.2,8.0,5.0,1.0,5.0,2.0,0.2,10.0,10.0,1.0,10.0,4.0,0.4,10.0,10.0,1.0,10.0,2.0,0.2,10.0,0.0,0.0,0.0,35.0,35.0,35,1.0,1.0,1,5.0,5.0,5,5.4,5.4,9.0,15.0,15.0,15,10.0,10.0,10,7.2,7.2,8,1.4,1.4,4,6.0,6.0,6,6.0,6.0,6,0.0,0.0,0.0,0.0,0.0,0.0,11.2,11.2,16.0
fd175df4-cfab-4447-a647-96b99e1cb818,0.0,0.0,6.0,1.2,0.6,2.0,1.6,0.4,4.0,0.2,0.2,1.0,0.0,0.0,6.0,0.0,0.0,6.0,2.4000000000000004,0.4,6.0,1.6,0.4,4.0,2.8000000000000003,0.4,7.0,2.0,0.4,5.0,3.2,0.4,8.0,1.0,0.2,5.0,1.2000000000000002,0.2,6.0,0.8,0.2,4.0,1.2000000000000002,0.2,6.0,2.8,0.7,4.0,2.0999999999999996,0.7,3.0,3.5,0.5,7.0,2.0,1.0,2.0,3.0,1.0,3.0,2.0,1.0,2.0,2.4000000000000004,0.4,6.0,0.2,0.2,1.0,4.8,0.6,8.0,10.0,1.0,10.0,3.0,0.6,5.0,3.2,0.4,8.0,4.8,0.6,8.0,1.6,0.2,8.0,1.6,0.2,8.0,2.56,0.32,8.0,9.025,0.475,19.0,1.7149999999999999,0.24499999999999997,7.0,8.0,0.8,10.0,10.0,1.0,10.0,6.4,0.8,8.0,5.3999999999999995,0.6,9.0,2.4000000000000004,0.8,3.0,6.0,1.0,6.0,7.0,1.0,7.0,2.8,0.7,4.0,0.4,0.2,2.0,10.0,1.0,10.0,2.0,0.2,10.0,1.4000000000000001,0.2,7.0,7.0,1.0,7.0,7.0,1.0,7.0,1.4000000000000001,0.2,7.0,5.0,1.0,5.0,5.0,1.0,5.0,7.0,1.0,7.0,7.0,1.0,7.0,5.0,1.0,5.0,1.0,0.2,5.0,1.0,0.2,5.0,10.0,1.0,10.0,10.0,1.0,10.0,10.0,1.0,10.0,10.0,1.0,10.0,10.0,1.0,10.0,10.0,1.0,10.0,10.0,1.0,10.0,10.0,1.0,10.0,10.0,1.0,10.0,10.0,1.0,10.0,10.0,1.0,10.0,10.0,1.0,10.0,10.0,1.0,10.0,8.0,1.0,8.0,7.0,1.0,7.0,5.0,1.0,5.0,6.0,0.6,10.0,0.0,0.0,10.0,0.0,0.0,10.0,10.0,1.0,10.0,1.6,0.2,8.0,5.0,1.0,5.0,2.0,0.2,10.0,10.0,1.0,10.0,10.0,1.0,10.0,4.0,0.4,10.0,10.0,1.0,10.0,9.600000000000001,9.600000000000001,16.0,34.4,34.4,35,1.0,1.0,1,5.0,5.0,5,5.4,5.4,9.0,15.0,15.0,15,10.0,10.0,10,8.0,8.0,8,4.0,4.0,4,6.0,6.0,6,6.0,6.0,6,0.0,0.0,0.0,6.5,6.5,13.0,0.0,0.0,0.0
5b780599-9e83-4b9f-8d0e-ae20e8660d57,3.0,0.5,6.0,0.8,0.4,2.0,0.8,0.2,4.0,1.0,1.0,1.0,4.800000000000001,0.8,6.0,4.800000000000001,0.8,6.0,4.800000000000001,0.8,6.0,3.2,0.8,4.0,7.0,1.0,7.0,5.0,1.0,5.0,8.0,1.0,8.0,5.0,1.0,5.0,1.2000000000000002,0.2,6.0,0.8,0.2,4.0,4.199999999999999,0.7,6.0,1.6,0.4,4.0,1.2000000000000002,0.4,3.0,3.5,0.5,7.0,2.0,1.0,2.0,0.6000000000000001,0.2,3.0,0.4,0.2,2.0,2.4000000000000004,0.4,6.0,1.0,1.0,1.0,6.4,0.8,8.0,10.0,1.0,10.0,4.0,0.8,5.0,4.8,0.6,8.0,3.2,0.4,8.0,8.0,1.0,8.0,4.8,0.6,8.0,3.84,0.48,8.0,7.22,0.38,19.0,0.7350000000000001,0.10500000000000001,7.0,6.0,0.6,10.0,8.0,0.8,10.0,6.4,0.8,8.0,7.2,0.8,9.0,1.2000000000000002,0.4,3.0,4.199999999999999,0.7,6.0,7.0,1.0,7.0,1.6,0.4,4.0,2.0,1.0,2.0,2.0,0.2,10.0,10.0,1.0,10.0,1.4000000000000001,0.2,7.0,7.0,1.0,7.0,7.0,1.0,7.0,7.0,1.0,7.0,5.0,1.0,5.0,5.0,1.0,5.0,7.0,1.0,7.0,7.0,1.0,7.0,5.0,1.0,5.0,5.0,1.0,5.0,5.0,1.0,5.0,10.0,1.0,10.0,10.0,1.0,10.0,10.0,1.0,10.0,10.0,1.0,10.0,10.0,1.0,10.0,10.0,1.0,10.0,10.0,1.0,10.0,10.0,1.0,10.0,10.0,1.0,10.0,10.0,1.0,10.0,2.0,0.2,10.0,10.0,1.0,10.0,2.0,0.2,10.0,8.0,1.0,8.0,7.0,1.0,7.0,1.0,0.2,5.0,10.0,1.0,10.0,6.0,0.6,10.0,10.0,1.0,10.0,0.0,0.0,10.0,8.0,1.0,8.0,1.0,0.2,5.0,10.0,1.0,10.0,10.0,1.0,10.0,2.0,0.2,10.0,10.0,1.0,10.0,4.0,0.4,10.0,10.4,10.4,16.0,32.0,32.0,35,1.0,1.0,1,5.0,5.0,5,5.4,5.4,9.0,9.75,9.75,15,4.0,4.0,10,8.0,8.0,8,4.0,4.0,4,6.0,6.0,6,0.6000000000000001,0.6000000000000001,6,16.0,16.0,16.0,7.800000000000001,7.800000000000001,13.0,0.0,0.0,0.0
fccd263e-e851-44fe-b3b4-d0c9411d91ea,6.0,1.0,6.0,1.2,0.6,2.0,2.8,0.7,4.0,0.7,0.7,1.0,4.800000000000001,0.8,6.0,4.800000000000001,0.8,6.0,6.0,1.0,6.0,4.0,1.0,4.0,1.4000000000000001,0.2,7.0,1.0,0.2,5.0,1.6,0.2,8.0,5.0,1.0,5.0,4.199999999999999,0.7,6.0,2.8,0.7,4.0,4.199999999999999,0.7,6.0,0.8,0.2,4.0,3.0,1.0,3.0,3.5,0.5,7.0,2.0,1.0,2.0,3.0,1.0,3.0,2.0,1.0,2.0,2.4000000000000004,0.4,6.0,0.2,0.2,1.0,4.8,0.6,8.0,10.0,1.0,10.0,4.0,0.8,5.0,4.8,0.6,8.0,3.2,0.4,8.0,1.6,0.2,8.0,8.0,1.0,8.0,2.56,0.32,8.0,12.635000000000002,0.665,19.0,1.2249999999999999,0.175,7.0,2.0,0.2,10.0,6.0,0.6,10.0,3.2,0.4,8.0,7.2,0.8,9.0,1.2000000000000002,0.4,3.0,6.0,1.0,6.0,7.0,1.0,7.0,2.8,0.7,4.0,2.0,1.0,2.0,2.0,0.2,10.0,10.0,1.0,10.0,7.0,1.0,7.0,7.0,1.0,7.0,7.0,1.0,7.0,7.0,1.0,7.0,1.0,0.2,5.0,1.0,0.2,5.0,1.4000000000000001,0.2,7.0,1.4000000000000001,0.2,7.0,5.0,1.0,5.0,5.0,1.0,5.0,1.0,0.2,5.0,10.0,1.0,10.0,2.0,0.2,10.0,2.0,0.2,10.0,2.0,0.2,10.0,10.0,1.0,10.0,10.0,1.0,10.0,10.0,1.0,10.0,2.0,0.2,10.0,10.0,1.0,10.0,10.0,1.0,10.0,10.0,1.0,10.0,10.0,1.0,10.0,10.0,1.0,10.0,4.8,0.6,8.0,7.0,1.0,7.0,3.0,0.6,5.0,10.0,1.0,10.0,0.0,0.0,10.0,0.0,0.0,10.0,10.0,1.0,10.0,8.0,1.0,8.0,5.0,1.0,5.0,10.0,1.0,10.0,4.0,0.4,10.0,6.0,0.6,10.0,4.0,0.4,10.0,10.0,1.0,10.0,16.0,16.0,16.0,32.6,32.6,35,0.6,0.6,1,5.0,5.0,5,7.2,7.2,9.0,10.5,10.5,15,8.0,8.0,10,8.0,8.0,8,4.0,4.0,4,6.0,6.0,6,6.0,6.0,6,10.4,10.4,16.0,0.0,0.0,0.0,0.0,0.0,0.0
3aca5b61-31f2-4847-bd56-b0c5dbbc26de,6.0,1.0,6.0,1.2,0.6,2.0,1.6,0.4,4.0,0.2,0.2,1.0,0.0,0.0,6.0,0.0,0.0,6.0,4.800000000000001,0.8,6.0,3.2,0.8,4.0,2.8000000000000003,0.4,7.0,2.0,0.4,5.0,3.2,0.4,8.0,5.0,1.0,5.0,6.0,1.0,6.0,1.6,0.4,4.0,4.199999999999999,0.7,6.0,0.8,0.2,4.0,2.0999999999999996,0.7,3.0,3.5,0.5,7.0,2.0,1.0,2.0,0.6000000000000001,0.2,3.0,0.4,0.2,2.0,4.199999999999999,0.7,6.0,1.0,1.0,1.0,4.8,0.6,8.0,10.0,1.0,10.0,3.0,0.6,5.0,3.2,0.4,8.0,3.2,0.4,8.0,1.6,0.2,8.0,1.6,0.2,8.0,1.28,0.16,8.0,16.245,0.8550000000000001,19.0,1.2249999999999999,0.175,7.0,6.0,0.6,10.0,6.0,0.6,10.0,4.8,0.6,8.0,9.0,1.0,9.0,2.4000000000000004,0.8,3.0,6.0,1.0,6.0,7.0,1.0,7.0,1.6,0.4,4.0,2.0,1.0,2.0,2.0,0.2,10.0,10.0,1.0,10.0,1.4000000000000001,0.2,7.0,7.0,1.0,7.0,7.0,1.0,7.0,7.0,1.0,7.0,5.0,1.0,5.0,5.0,1.0,5.0,7.0,1.0,7.0,1.4000000000000001,0.2,7.0,5.0,1.0,5.0,1.0,0.2,5.0,1.0,0.2,5.0,10.0,1.0,10.0,10.0,1.0,10.0,10.0,1.0,10.0,10.0,1.0,10.0,10.0,1.0,10.0,10.0,1.0,10.0,10.0,1.0,10.0,10.0,1.0,10.0,10.0,1.0,10.0,10.0,1.0,10.0,10.0,1.0,10.0,10.0,1.0,10.0,10.0,1.0,10.0,1.6,0.2,8.0,4.2,0.6,7.0,1.0,0.2,5.0,6.0,0.6,10.0,0.0,0.0,10.0,0.0,0.0,10.0,2.0,0.2,10.0,8.0,1.0,8.0,1.0,0.2,5.0,2.0,0.2,10.0,6.0,0.6,10.0,2.0,0.2,10.0,6.0,0.6,10.0,6.0,0.6,10.0,0.0,0.0,0.0,31.8,31.8,35,0.6,0.6,1,4.6,4.6,5,5.4,5.4,9.0,15.0,15.0,15,10.0,10.0,10,8.0,8.0,8,1.6,1.6,4,1.2000000000000002,1.2000000000000002,6,0.0,0.0,6,0.0,0.0,0.0,0.0,0.0,0.0,0.0,0.0,0.0
3954eb61-860f-42d3-ad04-26271aae411d,6.0,1.0,6.0,0.4,0.2,2.0,4.0,1.0,4.0,0.7,0.7,1.0,6.0,1.0,6.0,6.0,1.0,6.0,6.0,1.0,6.0,4.0,1.0,4.0,7.0,1.0,7.0,5.0,1.0,5.0,8.0,1.0,8.0,5.0,1.0,5.0,6.0,1.0,6.0,2.8,0.7,4.0,6.0,1.0,6.0,4.0,1.0,4.0,3.0,1.0,3.0,7.0,1.0,7.0,2.0,1.0,2.0,3.0,1.0,3.0,2.0,1.0,2.0,6.0,1.0,6.0,1.0,1.0,1.0,6.4,0.8,8.0,2.0,0.2,10.0,1.0,0.2,5.0,1.6,0.2,8.0,6.4,0.8,8.0,8.0,1.0,8.0,4.8,0.6,8.0,2.56,0.32,8.0,27.075,1.425,19.0,4.8999999999999995,0.7,7.0,10.0,1.0,10.0,8.0,0.8,10.0,4.8,0.6,8.0,5.3999999999999995,0.6,9.0,2.4000000000000004,0.8,3.0,1.2000000000000002,0.2,6.0,7.0,1.0,7.0,4.0,1.0,4.0,2.0,1.0,2.0,2.0,0.2,10.0,10.0,1.0,10.0,7.0,1.0,7.0,7.0,1.0,7.0,7.0,1.0,7.0,1.4000000000000001,0.2,7.0,5.0,1.0,5.0,5.0,1.0,5.0,7.0,1.0,7.0,7.0,1.0,7.0,1.0,0.2,5.0,5.0,1.0,5.0,1.0,0.2,5.0,10.0,1.0,10.0,10.0,1.0,10.0,10.0,1.0,10.0,10.0,1.0,10.0,10.0,1.0,10.0,10.0,1.0,10.0,2.0,0.2,10.0,2.0,0.2,10.0,10.0,1.0,10.0,10.0,1.0,10.0,10.0,1.0,10.0,10.0,1.0,10.0,10.0,1.0,10.0,8.0,1.0,8.0,1.4000000000000001,0.2,7.0,3.0,0.6,5.0,10.0,1.0,10.0,10.0,1.0,10.0,2.0,0.2,10.0,0.0,0.0,10.0,8.0,1.0,8.0,5.0,1.0,5.0,2.0,0.2,10.0,10.0,1.0,10.0,4.0,0.4,10.0,4.0,0.4,10.0,6.0,0.6,10.0,0.0,0.0,0.0,28.599999999999998,28.599999999999998,35,0.4,0.4,1,3.8,3.8,5,3.6,3.6,9.0,6.0,6.0,15,5.0,5.0,10,8.0,8.0,8,4.0,4.0,4,6.0,6.0,6,6.0,6.0,6,9.600000000000001,9.600000000000001,16.0,7.8,7.8,13.0,16.0,16.0,16.0
d3fd6144-9162-4bc5-9712-8ed0c2408ed7,6.0,1.0,6.0,0.8,0.4,2.0,2.8,0.7,4.0,0.2,0.2,1.0,0.0,0.0,6.0,0.0,0.0,6.0,2.4000000000000004,0.4,6.0,1.6,0.4,4.0,1.4000000000000001,0.2,7.0,1.0,0.2,5.0,1.6,0.2,8.0,5.0,1.0,5.0,2.4000000000000004,0.4,6.0,2.8,0.7,4.0,2.4000000000000004,0.4,6.0,2.8,0.7,4.0,2.0999999999999996,0.7,3.0,3.5,0.5,7.0,1.4,0.7,2.0,3.0,1.0,3.0,2.0,1.0,2.0,4.199999999999999,0.7,6.0,0.8,0.8,1.0,1.6,0.2,8.0,10.0,1.0,10.0,4.0,0.8,5.0,4.8,0.6,8.0,3.2,0.4,8.0,1.6,0.2,8.0,6.4,0.8,8.0,3.84,0.48,8.0,16.245,0.8550000000000001,19.0,4.165,0.595,7.0,8.0,0.8,10.0,4.0,0.4,10.0,6.4,0.8,8.0,9.0,1.0,9.0,1.2000000000000002,0.4,3.0,6.0,1.0,6.0,7.0,1.0,7.0,2.8,0.7,4.0,0.4,0.2,2.0,10.0,1.0,10.0,10.0,1.0,10.0,7.0,1.0,7.0,1.4000000000000001,0.2,7.0,1.4000000000000001,0.2,7.0,1.4000000000000001,0.2,7.0,5.0,1.0,5.0,5.0,1.0,5.0,7.0,1.0,7.0,7.0,1.0,7.0,5.0,1.0,5.0,5.0,1.0,5.0,1.0,0.2,5.0,10.0,1.0,10.0,10.0,1.0,10.0,10.0,1.0,10.0,10.0,1.0,10.0,10.0,1.0,10.0,10.0,1.0,10.0,10.0,1.0,10.0,2.0,0.2,10.0,10.0,1.0,10.0,10.0,1.0,10.0,10.0,1.0,10.0,10.0,1.0,10.0,10.0,1.0,10.0,8.0,1.0,8.0,7.0,1.0,7.0,3.0,0.6,5.0,10.0,1.0,10.0,0.0,0.0,10.0,0.0,0.0,10.0,10.0,1.0,10.0,1.6,0.2,8.0,5.0,1.0,5.0,2.0,0.2,10.0,4.0,0.4,10.0,4.0,0.4,10.0,10.0,1.0,10.0,10.0,1.0,10.0,0.0,0.0,0.0,35.0,35.0,35,1.0,1.0,1,5.0,5.0,5,5.4,5.4,9.0,15.0,15.0,15,10.0,10.0,10,8.0,8.0,8,0.4,0.4,4,6.0,6.0,6,1.8000000000000003,1.8000000000000003,6,0.0,0.0,0.0,7.800000000000001,7.800000000000001,13.0,0.0,0.0,0.0
590f1869-dde6-43f8-805f-9a3fa1e5aa7f,6.0,1.0,6.0,0.8,0.4,2.0,2.8,0.7,4.0,0.7,0.7,1.0,6.0,1.0,6.0,6.0,1.0,6.0,6.0,1.0,6.0,4.0,1.0,4.0,4.2,0.6,7.0,3.0,0.6,5.0,4.8,0.6,8.0,5.0,1.0,5.0,6.0,1.0,6.0,4.0,1.0,4.0,4.199999999999999,0.7,6.0,1.6,0.4,4.0,3.0,1.0,3.0,3.5,0.5,7.0,0.4,0.2,2.0,0.6000000000000001,0.2,3.0,0.4,0.2,2.0,2.4000000000000004,0.4,6.0,0.8,0.8,1.0,6.4,0.8,8.0,10.0,1.0,10.0,4.0,0.8,5.0,4.8,0.6,8.0,4.8,0.6,8.0,1.6,0.2,8.0,6.4,0.8,8.0,2.56,0.32,8.0,3.61,0.19,19.0,1.2249999999999999,0.175,7.0,6.0,0.6,10.0,4.0,0.4,10.0,6.4,0.8,8.0,7.2,0.8,9.0,3.0,1.0,3.0,2.4000000000000004,0.4,6.0,7.0,1.0,7.0,1.6,0.4,4.0,0.4,0.2,2.0,10.0,1.0,10.0,2.0,0.2,10.0,7.0,1.0,7.0,7.0,1.0,7.0,7.0,1.0,7.0,7.0,1.0,7.0,5.0,1.0,5.0,1.0,0.2,5.0,1.4000000000000001,0.2,7.0,7.0,1.0,7.0,5.0,1.0,5.0,5.0,1.0,5.0,5.0,1.0,5.0,2.0,0.2,10.0,10.0,1.0,10.0,10.0,1.0,10.0,10.0,1.0,10.0,2.0,0.2,10.0,10.0,1.0,10.0,10.0,1.0,10.0,10.0,1.0,10.0,10.0,1.0,10.0,10.0,1.0,10.0,10.0,1.0,10.0,10.0,1.0,10.0,10.0,1.0,10.0,8.0,1.0,8.0,7.0,1.0,7.0,3.0,0.6,5.0,10.0,1.0,10.0,10.0,1.0,10.0,2.0,0.2,10.0,0.0,0.0,10.0,1.6,0.2,8.0,5.0,1.0,5.0,10.0,1.0,10.0,4.0,0.4,10.0,10.0,1.0,10.0,6.0,0.6,10.0,10.0,1.0,10.0,16.0,16.0,16.0,35.0,35.0,35,1.0,1.0,1,5.0,5.0,5,5.4,5.4,9.0,15.0,15.0,15,10.0,10.0,10,8.0,8.0,8,4.0,4.0,4,1.8000000000000003,1.8000000000000003,6,6.0,6.0,6,0.0,0.0,0.0,9.75,9.75,13.0,9.6,9.6,16.0
619b2a05-9a21-4223-8d96-db7eb19ec728,3.0,0.5,6.0,0.8,0.4,2.0,4.0,1.0,4.0,0.2,0.2,1.0,0.0,0.0,6.0,0.0,0.0,6.0,6.0,1.0,6.0,4.0,1.0,4.0,4.2,0.6,7.0,3.0,0.6,5.0,4.8,0.6,8.0,5.0,1.0,5.0,4.199999999999999,0.7,6.0,0.8,0.2,4.0,2.4000000000000004,0.4,6.0,1.6,0.4,4.0,2.0999999999999996,0.7,3.0,3.5,0.5,7.0,1.4,0.7,2.0,3.0,1.0,3.0,2.0,1.0,2.0,4.199999999999999,0.7,6.0,0.8,0.8,1.0,6.4,0.8,8.0,10.0,1.0,10.0,3.0,0.6,5.0,3.2,0.4,8.0,4.8,0.6,8.0,1.6,0.2,8.0,3.2,0.4,8.0,3.84,0.48,8.0,10.830000000000002,0.5700000000000001,19.0,1.2249999999999999,0.175,7.0,6.0,0.6,10.0,8.0,0.8,10.0,4.8,0.6,8.0,7.2,0.8,9.0,2.4000000000000004,0.8,3.0,6.0,1.0,6.0,7.0,1.0,7.0,1.6,0.4,4.0,0.4,0.2,2.0,10.0,1.0,10.0,2.0,0.2,10.0,7.0,1.0,7.0,7.0,1.0,7.0,1.4000000000000001,0.2,7.0,7.0,1.0,7.0,5.0,1.0,5.0,5.0,1.0,5.0,7.0,1.0,7.0,7.0,1.0,7.0,5.0,1.0,5.0,5.0,1.0,5.0,5.0,1.0,5.0,10.0,1.0,10.0,10.0,1.0,10.0,10.0,1.0,10.0,10.0,1.0,10.0,10.0,1.0,10.0,10.0,1.0,10.0,10.0,1.0,10.0,10.0,1.0,10.0,2.0,0.2,10.0,10.0,1.0,10.0,10.0,1.0,10.0,10.0,1.0,10.0,2.0,0.2,10.0,8.0,1.0,8.0,1.4000000000000001,0.2,7.0,5.0,1.0,5.0,0.0,0.0,10.0,10.0,1.0,10.0,6.0,0.6,10.0,0.0,0.0,10.0,8.0,1.0,8.0,1.0,0.2,5.0,2.0,0.2,10.0,10.0,1.0,10.0,6.0,0.6,10.0,10.0,1.0,10.0,10.0,1.0,10.0,16.0,16.0,16.0,33.2,33.2,35,1.0,1.0,1,4.6,4.6,5,5.4,5.4,9.0,15.0,15.0,15,10.0,10.0,10,8.0,8.0,8,0.4,0.4,4,6.0,6.0,6,6.0,6.0,6,16.0,16.0,16.0,9.75,9.75,13.0,16.0,16.0,16.0
55029fac-d475-4823-8048-87a72bed2369,6.0,1.0,6.0,0.8,0.4,2.0,4.0,1.0,4.0,0.7,0.7,1.0,6.0,1.0,6.0,6.0,1.0,6.0,6.0,1.0,6.0,4.0,1.0,4.0,7.0,1.0,7.0,5.0,1.0,5.0,8.0,1.0,8.0,5.0,1.0,5.0,6.0,1.0,6.0,4.0,1.0,4.0,4.199999999999999,0.7,6.0,4.0,1.0,4.0,3.0,1.0,3.0,7.0,1.0,7.0,2.0,1.0,2.0,3.0,1.0,3.0,2.0,1.0,2.0,6.0,1.0,6.0,0.2,0.2,1.0,4.8,0.6,8.0,6.0,0.6,10.0,5.0,1.0,5.0,8.0,1.0,8.0,4.8,0.6,8.0,8.0,1.0,8.0,8.0,1.0,8.0,5.12,0.64,8.0,10.830000000000002,0.5700000000000001,19.0,0.7350000000000001,0.10500000000000001,7.0,8.0,0.8,10.0,8.0,0.8,10.0,4.8,0.6,8.0,9.0,1.0,9.0,2.4000000000000004,0.8,3.0,6.0,1.0,6.0,7.0,1.0,7.0,4.0,1.0,4.0,0.4,0.2,2.0,10.0,1.0,10.0,2.0,0.2,10.0,7.0,1.0,7.0,7.0,1.0,7.0,7.0,1.0,7.0,1.4000000000000001,0.2,7.0,5.0,1.0,5.0,5.0,1.0,5.0,7.0,1.0,7.0,1.4000000000000001,0.2,7.0,5.0,1.0,5.0,1.0,0.2,5.0,5.0,1.0,5.0,10.0,1.0,10.0,10.0,1.0,10.0,10.0,1.0,10.0,10.0,1.0,10.0,10.0,1.0,10.0,10.0,1.0,10.0,10.0,1.0,10.0,10.0,1.0,10.0,10.0,1.0,10.0,10.0,1.0,10.0,10.0,1.0,10.0,2.0,0.2,10.0,2.0,0.2,10.0,8.0,1.0,8.0,7.0,1.0,7.0,5.0,1.0,5.0,10.0,1.0,10.0,6.0,0.6,10.0,10.0,1.0,10.0,0.0,0.0,10.0,8.0,1.0,8.0,5.0,1.0,5.0,2.0,0.2,10.0,2.0,0.2,10.0,10.0,1.0,10.0,6.0,0.6,10.0,10.0,1.0,10.0,0.0,0.0,0.0,35.0,35.0,35,1.0,1.0,1,5.0,5.0,5,7.2,7.2,9.0,9.000000000000002,9.000000000000002,15,10.0,10.0,10,8.0,8.0,8,2.4,2.4,4,6.0,6.0,6,1.8000000000000003,1.8000000000000003,6,11.2,11.2,16.0,13.0,13.0,13.0,16.0,16.0,16.0
71bdc69a-b002-4331-bc7f-b8a00a1278ed,6.0,1.0,6.0,1.2,0.6,2.0,1.6,0.4,4.0,0.2,0.2,1.0,0.0,0.0,6.0,0.0,0.0,6.0,6.0,1.0,6.0,4.0,1.0,4.0,7.0,1.0,7.0,5.0,1.0,5.0,8.0,1.0,8.0,1.0,0.2,5.0,1.2000000000000002,0.2,6.0,4.0,1.0,4.0,2.4000000000000004,0.4,6.0,1.6,0.4,4.0,2.0999999999999996,0.7,3.0,1.4000000000000001,0.2,7.0,1.4,0.7,2.0,0.6000000000000001,0.2,3.0,0.4,0.2,2.0,6.0,1.0,6.0,1.0,1.0,1.0,8.0,1.0,8.0,6.0,0.6,10.0,2.0,0.4,5.0,1.6,0.2,8.0,6.4,0.8,8.0,8.0,1.0,8.0,8.0,1.0,8.0,3.84,0.48,8.0,16.245,0.8550000000000001,19.0,4.8999999999999995,0.7,7.0,8.0,0.8,10.0,10.0,1.0,10.0,4.8,0.6,8.0,7.2,0.8,9.0,2.4000000000000004,0.8,3.0,6.0,1.0,6.0,7.0,1.0,7.0,1.6,0.4,4.0,2.0,1.0,2.0,10.0,1.0,10.0,10.0,1.0,10.0,1.4000000000000001,0.2,7.0,7.0,1.0,7.0,7.0,1.0,7.0,7.0,1.0,7.0,5.0,1.0,5.0,5.0,1.0,5.0,7.0,1.0,7.0,1.4000000000000001,0.2,7.0,5.0,1.0,5.0,5.0,1.0,5.0,5.0,1.0,5.0,10.0,1.0,10.0,10.0,1.0,10.0,10.0,1.0,10.0,10.0,1.0,10.0,10.0,1.0,10.0,10.0,1.0,10.0,10.0,1.0,10.0,2.0,0.2,10.0,10.0,1.0,10.0,10.0,1.0,10.0,10.0,1.0,10.0,2.0,0.2,10.0,10.0,1.0,10.0,8.0,1.0,8.0,7.0,1.0,7.0,5.0,1.0,5.0,0.0,0.0,10.0,10.0,1.0,10.0,10.0,1.0,10.0,0.0,0.0,10.0,1.6,0.2,8.0,1.0,0.2,5.0,2.0,0.2,10.0,10.0,1.0,10.0,10.0,1.0,10.0,6.0,0.6,10.0,4.0,0.4,10.0,0.0,0.0,0.0,32.2,32.2,35,1.0,1.0,1,3.8,3.8,5,3.6,3.6,9.0,15.0,15.0,15,10.0,10.0,10,8.0,8.0,8,0.0,0.0,4,6.0,6.0,6,6.0,6.0,6,16.0,16.0,16.0,0.0,0.0,0.0,0.0,0.0,0.0
40395510-ea45-474c-ba71-368cfa70bf7a,6.0,1.0,6.0,0.8,0.4,2.0,4.0,1.0,4.0,1.0,1.0,1.0,6.0,1.0,6.0,6.0,1.0,6.0,6.0,1.0,6.0,4.0,1.0,4.0,7.0,1.0,7.0,5.0,1.0,5.0,8.0,1.0,8.0,5.0,1.0,5.0,4.199999999999999,0.7,6.0,4.0,1.0,4.0,6.0,1.0,6.0,1.6,0.4,4.0,3.0,1.0,3.0,3.5,0.5,7.0,2.0,1.0,2.0,3.0,1.0,3.0,2.0,1.0,2.0,6.0,1.0,6.0,1.0,1.0,1.0,1.6,0.2,8.0,10.0,1.0,10.0,4.0,0.8,5.0,4.8,0.6,8.0,8.0,1.0,8.0,1.6,0.2,8.0,8.0,1.0,8.0,3.84,0.48,8.0,32.49,1.7100000000000002,19.0,4.8999999999999995,0.7,7.0,2.0,0.2,10.0,4.0,0.4,10.0,4.8,0.6,8.0,1.8,0.2,9.0,1.2000000000000002,0.4,3.0,2.4000000000000004,0.4,6.0,7.0,1.0,7.0,4.0,1.0,4.0,0.4,0.2,2.0,10.0,1.0,10.0,10.0,1.0,10.0,7.0,1.0,7.0,7.0,1.0,7.0,7.0,1.0,7.0,7.0,1.0,7.0,5.0,1.0,5.0,1.0,0.2,5.0,7.0,1.0,7.0,7.0,1.0,7.0,5.0,1.0,5.0,5.0,1.0,5.0,5.0,1.0,5.0,2.0,0.2,10.0,10.0,1.0,10.0,10.0,1.0,10.0,10.0,1.0,10.0,10.0,1.0,10.0,10.0,1.0,10.0,2.0,0.2,10.0,10.0,1.0,10.0,10.0,1.0,10.0,10.0,1.0,10.0,10.0,1.0,10.0,10.0,1.0,10.0,10.0,1.0,10.0,8.0,1.0,8.0,7.0,1.0,7.0,5.0,1.0,5.0,10.0,1.0,10.0,0.0,0.0,10.0,0.0,0.0,10.0,10.0,1.0,10.0,8.0,1.0,8.0,1.0,0.2,5.0,10.0,1.0,10.0,10.0,1.0,10.0,10.0,1.0,10.0,10.0,1.0,10.0,10.0,1.0,10.0,16.0,16.0,16.0,35.0,35.0,35,1.0,1.0,1,5.0,5.0,5,5.4,5.4,9.0,15.0,15.0,15,10.0,10.0,10,0.8,0.8,8,2.0,2.0,4,6.0,6.0,6,6.0,6.0,6,16.0,16.0,16.0,13.0,13.0,13.0,16.0,16.0,16.0
11db88dc-cbc5-4857-91dd-54844be40f94,6.0,1.0,6.0,0.4,0.2,2.0,2.8,0.7,4.0,0.2,0.2,1.0,0.0,0.0,6.0,0.0,0.0,6.0,2.4000000000000004,0.4,6.0,1.6,0.4,4.0,2.8000000000000003,0.4,7.0,2.0,0.4,5.0,3.2,0.4,8.0,5.0,1.0,5.0,6.0,1.0,6.0,4.0,1.0,4.0,1.2000000000000002,0.2,6.0,2.8,0.7,4.0,3.0,1.0,3.0,1.4000000000000001,0.2,7.0,2.0,1.0,2.0,3.0,1.0,3.0,2.0,1.0,2.0,4.199999999999999,0.7,6.0,0.8,0.8,1.0,6.4,0.8,8.0,10.0,1.0,10.0,3.0,0.6,5.0,3.2,0.4,8.0,4.8,0.6,8.0,8.0,1.0,8.0,4.8,0.6,8.0,3.84,0.48,8.0,36.1,1.9,19.0,4.8999999999999995,0.7,7.0,4.0,0.4,10.0,8.0,0.8,10.0,6.4,0.8,8.0,7.2,0.8,9.0,3.0,1.0,3.0,4.199999999999999,0.7,6.0,1.4000000000000001,0.2,7.0,4.0,1.0,4.0,0.4,0.2,2.0,10.0,1.0,10.0,2.0,0.2,10.0,7.0,1.0,7.0,7.0,1.0,7.0,1.4000000000000001,0.2,7.0,7.0,1.0,7.0,5.0,1.0,5.0,1.0,0.2,5.0,7.0,1.0,7.0,7.0,1.0,7.0,5.0,1.0,5.0,5.0,1.0,5.0,5.0,1.0,5.0,10.0,1.0,10.0,10.0,1.0,10.0,10.0,1.0,10.0,2.0,0.2,10.0,10.0,1.0,10.0,2.0,0.2,10.0,2.0,0.2,10.0,10.0,1.0,10.0,10.0,1.0,10.0,2.0,0.2,10.0,10.0,1.0,10.0,10.0,1.0,10.0,10.0,1.0,10.0,1.6,0.2,8.0,7.0,1.0,7.0,5.0,1.0,5.0,10.0,1.0,10.0,10.0,1.0,10.0,6.0,0.6,10.0,0.0,0.0,10.0,1.6,0.2,8.0,1.0,0.2,5.0,2.0,0.2,10.0,6.0,0.6,10.0,2.0,0.2,10.0,10.0,1.0,10.0,4.0,0.4,10.0,0.0,0.0,0.0,34.4,34.4,35,1.0,1.0,1,5.0,5.0,5,3.6,3.6,9.0,15.0,15.0,15,6.0,6.0,10,8.0,8.0,8,4.0,4.0,4,6.0,6.0,6,6.0,6.0,6,11.2,11.2,16.0,0.0,0.0,0.0,0.0,0.0,0.0
399a5243-9850-47ca-ae72-6c0b83d5e9a4,3.0,0.5,6.0,1.2,0.6,2.0,2.8,0.7,4.0,0.2,0.2,1.0,0.0,0.0,6.0,0.0,0.0,6.0,6.0,1.0,6.0,4.0,1.0,4.0,1.4000000000000001,0.2,7.0,1.0,0.2,5.0,1.6,0.2,8.0,5.0,1.0,5.0,6.0,1.0,6.0,2.8,0.7,4.0,4.199999999999999,0.7,6.0,2.8,0.7,4.0,3.0,1.0,3.0,3.5,0.5,7.0,2.0,1.0,2.0,0.6000000000000001,0.2,3.0,0.4,0.2,2.0,2.4000000000000004,0.4,6.0,0.8,0.8,1.0,4.8,0.6,8.0,10.0,1.0,10.0,4.0,0.8,5.0,4.8,0.6,8.0,3.2,0.4,8.0,1.6,0.2,8.0,1.6,0.2,8.0,1.28,0.16,8.0,9.025,0.475,19.0,1.2249999999999999,0.175,7.0,8.0,0.8,10.0,10.0,1.0,10.0,8.0,1.0,8.0,1.8,0.2,9.0,1.7999999999999998,0.6,3.0,1.2000000000000002,0.2,6.0,1.4000000000000001,0.2,7.0,1.6,0.4,4.0,2.0,1.0,2.0,10.0,1.0,10.0,2.0,0.2,10.0,1.4000000000000001,0.2,7.0,7.0,1.0,7.0,1.4000000000000001,0.2,7.0,1.4000000000000001,0.2,7.0,5.0,1.0,5.0,5.0,1.0,5.0,7.0,1.0,7.0,7.0,1.0,7.0,1.0,0.2,5.0,5.0,1.0,5.0,5.0,1.0,5.0,10.0,1.0,10.0,10.0,1.0,10.0,10.0,1.0,10.0,10.0,1.0,10.0,10.0,1.0,10.0,10.0,1.0,10.0,10.0,1.0,10.0,10.0,1.0,10.0,10.0,1.0,10.0,10.0,1.0,10.0,2.0,0.2,10.0,2.0,0.2,10.0,10.0,1.0,10.0,4.8,0.6,8.0,1.4000000000000001,0.2,7.0,1.0,0.2,5.0,2.0,0.2,10.0,2.0,0.2,10.0,2.0,0.2,10.0,0.0,0.0,10.0,8.0,1.0,8.0,1.0,0.2,5.0,10.0,1.0,10.0,4.0,0.4,10.0,10.0,1.0,10.0,2.0,0.2,10.0,2.0,0.2,10.0,0.0,0.0,0.0,35.0,35.0,35,1.0,1.0,1,5.0,5.0,5,3.6,3.6,9.0,6.0,6.0,15,10.0,10.0,10,0.8,0.8,8,4.0,4.0,4,1.8000000000000003,1.8000000000000003,6,6.0,6.0,6,0.0,0.0,0.0,7.800000000000001,7.800000000000001,13.0,0.0,0.0,0.0
48bc00b0-b5cf-446b-8f79-604a6964bf51,6.0,1.0,6.0,0.4,0.2,2.0,1.6,0.4,4.0,0.7,0.7,1.0,3.5999999999999996,0.6,6.0,3.5999999999999996,0.6,6.0,6.0,1.0,6.0,4.0,1.0,4.0,7.0,1.0,7.0,5.0,1.0,5.0,8.0,1.0,8.0,5.0,1.0,5.0,2.4000000000000004,0.4,6.0,0.8,0.2,4.0,4.199999999999999,0.7,6.0,0.8,0.2,4.0,2.0999999999999996,0.7,3.0,7.0,1.0,7.0,1.4,0.7,2.0,0.6000000000000001,0.2,3.0,0.4,0.2,2.0,6.0,1.0,6.0,0.8,0.8,1.0,6.4,0.8,8.0,6.0,0.6,10.0,2.0,0.4,5.0,1.6,0.2,8.0,4.8,0.6,8.0,1.6,0.2,8.0,4.8,0.6,8.0,2.56,0.32,8.0,12.635000000000002,0.665,19.0,4.8999999999999995,0.7,7.0,4.0,0.4,10.0,8.0,0.8,10.0,6.4,0.8,8.0,5.3999999999999995,0.6,9.0,1.7999999999999998,0.6,3.0,2.4000000000000004,0.4,6.0,7.0,1.0,7.0,1.6,0.4,4.0,0.4,0.2,2.0,10.0,1.0,10.0,10.0,1.0,10.0,7.0,1.0,7.0,7.0,1.0,7.0,1.4000000000000001,0.2,7.0,7.0,1.0,7.0,5.0,1.0,5.0,1.0,0.2,5.0,7.0,1.0,7.0,7.0,1.0,7.0,5.0,1.0,5.0,5.0,1.0,5.0,5.0,1.0,5.0,10.0,1.0,10.0,10.0,1.0,10.0,10.0,1.0,10.0,2.0,0.2,10.0,10.0,1.0,10.0,10.0,1.0,10.0,2.0,0.2,10.0,2.0,0.2,10.0,2.0,0.2,10.0,10.0,1.0,10.0,10.0,1.0,10.0,10.0,1.0,10.0,10.0,1.0,10.0,8.0,1.0,8.0,7.0,1.0,7.0,3.0,0.6,5.0,10.0,1.0,10.0,0.0,0.0,10.0,0.0,0.0,10.0,10.0,1.0,10.0,1.6,0.2,8.0,1.0,0.2,5.0,2.0,0.2,10.0,4.0,0.4,10.0,6.0,0.6,10.0,10.0,1.0,10.0,4.0,0.4,10.0,16.0,16.0,16.0,28.6,28.6,35,0.8,0.8,1,2.5999999999999996,2.5999999999999996,5,3.6,3.6,9.0,12.75,12.75,15,1.0,1.0,10,3.6,3.6,8,4.0,4.0,4,6.0,6.0,6,6.0,6.0,6,8.0,8.0,16.0,0.0,0.0,0.0,0.0,0.0,0.0
91996dd5-ba12-47b1-bbee-43c57ee2bfac,6.0,1.0,6.0,1.2,0.6,2.0,1.6,0.4,4.0,0.2,0.2,1.0,0.0,0.0,6.0,0.0,0.0,6.0,6.0,1.0,6.0,4.0,1.0,4.0,1.4000000000000001,0.2,7.0,1.0,0.2,5.0,1.6,0.2,8.0,5.0,1.0,5.0,6.0,1.0,6.0,2.8,0.7,4.0,6.0,1.0,6.0,1.6,0.4,4.0,0.6000000000000001,0.2,3.0,3.5,0.5,7.0,0.4,0.2,2.0,0.6000000000000001,0.2,3.0,0.4,0.2,2.0,2.4000000000000004,0.4,6.0,0.8,0.8,1.0,3.2,0.4,8.0,10.0,1.0,10.0,3.0,0.6,5.0,3.2,0.4,8.0,8.0,1.0,8.0,1.6,0.2,8.0,1.6,0.2,8.0,3.84,0.48,8.0,16.245,0.8550000000000001,19.0,4.654999999999999,0.6649999999999999,7.0,8.0,0.8,10.0,8.0,0.8,10.0,4.8,0.6,8.0,9.0,1.0,9.0,2.4000000000000004,0.8,3.0,4.199999999999999,0.7,6.0,7.0,1.0,7.0,2.8,0.7,4.0,2.0,1.0,2.0,10.0,1.0,10.0,10.0,1.0,10.0,7.0,1.0,7.0,7.0,1.0,7.0,1.4000000000000001,0.2,7.0,1.4000000000000001,0.2,7.0,5.0,1.0,5.0,1.0,0.2,5.0,1.4000000000000001,0.2,7.0,1.4000000000000001,0.2,7.0,5.0,1.0,5.0,5.0,1.0,5.0,5.0,1.0,5.0,2.0,0.2,10.0,10.0,1.0,10.0,10.0,1.0,10.0,10.0,1.0,10.0,2.0,0.2,10.0,10.0,1.0,10.0,10.0,1.0,10.0,10.0,1.0,10.0,10.0,1.0,10.0,10.0,1.0,10.0,2.0,0.2,10.0,2.0,0.2,10.0,10.0,1.0,10.0,8.0,1.0,8.0,1.4000000000000001,0.2,7.0,5.0,1.0,5.0,0.0,0.0,10.0,10.0,1.0,10.0,10.0,1.0,10.0,0.0,0.0,10.0,1.6,0.2,8.0,5.0,1.0,5.0,2.0,0.2,10.0,4.0,0.4,10.0,10.0,1.0,10.0,10.0,1.0,10.0,2.0,0.2,10.0,0.0,0.0,0.0,34.4,34.4,35,1.0,1.0,1,5.0,5.0,5,3.6,3.6,9.0,6.0,6.0,15,1.0,1.0,10,6.8,6.8,8,1.0,1.0,4,1.8000000000000003,1.8000000000000003,6,6.0,6.0,6,9.600000000000001,9.600000000000001,16.0,0.0,0.0,0.0,0.0,0.0,0.0
1a023fd9-df2e-4dc6-9187-3e35455ffd69,0.0,0.0,6.0,1.2,0.6,2.0,1.6,0.4,4.0,0.2,0.2,1.0,0.0,0.0,6.0,0.0,0.0,6.0,1.2000000000000002,0.2,6.0,0.8,0.2,4.0,1.4000000000000001,0.2,7.0,1.0,0.2,5.0,1.6,0.2,8.0,1.0,0.2,5.0,2.4000000000000004,0.4,6.0,0.8,0.2,4.0,1.2000000000000002,0.2,6.0,2.8,0.7,4.0,2.0999999999999996,0.7,3.0,1.4000000000000001,0.2,7.0,0.0,0.0,2.0,3.0,1.0,3.0,2.0,1.0,2.0,4.199999999999999,0.7,6.0,0.8,0.8,1.0,6.4,0.8,8.0,10.0,1.0,10.0,4.0,0.8,5.0,4.8,0.6,8.0,4.8,0.6,8.0,8.0,1.0,8.0,1.6,0.2,8.0,2.56,0.32,8.0,36.1,1.9,19.0,4.27,0.61,7.0,6.0,0.6,10.0,8.0,0.8,10.0,4.8,0.6,8.0,9.0,1.0,9.0,3.0,1.0,3.0,6.0,1.0,6.0,7.0,1.0,7.0,4.0,1.0,4.0,2.0,1.0,2.0,10.0,1.0,10.0,2.0,0.2,10.0,7.0,1.0,7.0,7.0,1.0,7.0,1.4000000000000001,0.2,7.0,7.0,1.0,7.0,5.0,1.0,5.0,5.0,1.0,5.0,7.0,1.0,7.0,1.4000000000000001,0.2,7.0,1.0,0.2,5.0,5.0,1.0,5.0,5.0,1.0,5.0,10.0,1.0,10.0,10.0,1.0,10.0,10.0,1.0,10.0,10.0,1.0,10.0,10.0,1.0,10.0,10.0,1.0,10.0,10.0,1.0,10.0,10.0,1.0,10.0,10.0,1.0,10.0,10.0,1.0,10.0,10.0,1.0,10.0,10.0,1.0,10.0,10.0,1.0,10.0,1.6,0.2,8.0,4.2,0.6,7.0,5.0,1.0,5.0,10.0,1.0,10.0,0.0,0.0,10.0,0.0,0.0,10.0,6.0,0.6,10.0,1.6,0.2,8.0,1.0,0.2,5.0,2.0,0.2,10.0,4.0,0.4,10.0,6.0,0.6,10.0,10.0,1.0,10.0,2.0,0.2,10.0,0.0,0.0,0.0,35.0,35.0,35,1.0,1.0,1,5.0,5.0,5,5.4,5.4,9.0,6.0,6.0,15,0.0,0.0,10,8.0,8.0,8,4.0,4.0,4,6.0,6.0,6,6.0,6.0,6,0.0,0.0,0.0,8.450000000000001,8.450000000000001,13.0,0.0,0.0,0.0
e787b2a8-4645-42b2-bd6b-2f9b43047808,0.0,0.0,6.0,1.2,0.6,2.0,2.8,0.7,4.0,0.2,0.2,1.0,0.0,0.0,6.0,0.0,0.0,6.0,4.800000000000001,0.8,6.0,3.2,0.8,4.0,4.2,0.6,7.0,3.0,0.6,5.0,4.8,0.6,8.0,2.5,0.5,5.0,6.0,1.0,6.0,2.8,0.7,4.0,6.0,1.0,6.0,2.8,0.7,4.0,2.0999999999999996,0.7,3.0,3.5,0.5,7.0,2.0,1.0,2.0,0.6000000000000001,0.2,3.0,0.4,0.2,2.0,1.2000000000000002,0.2,6.0,0.2,0.2,1.0,8.0,1.0,8.0,10.0,1.0,10.0,4.0,0.8,5.0,4.8,0.6,8.0,8.0,1.0,8.0,8.0,1.0,8.0,4.8,0.6,8.0,2.56,0.32,8.0,9.025,0.475,19.0,3.6750000000000003,0.525,7.0,10.0,1.0,10.0,6.0,0.6,10.0,3.2,0.4,8.0,7.2,0.8,9.0,2.4000000000000004,0.8,3.0,2.4000000000000004,0.4,6.0,7.0,1.0,7.0,4.0,1.0,4.0,0.4,0.2,2.0,2.0,0.2,10.0,10.0,1.0,10.0,7.0,1.0,7.0,1.4000000000000001,0.2,7.0,7.0,1.0,7.0,1.4000000000000001,0.2,7.0,5.0,1.0,5.0,1.0,0.2,5.0,7.0,1.0,7.0,7.0,1.0,7.0,5.0,1.0,5.0,5.0,1.0,5.0,5.0,1.0,5.0,10.0,1.0,10.0,10.0,1.0,10.0,10.0,1.0,10.0,10.0,1.0,10.0,2.0,0.2,10.0,10.0,1.0,10.0,2.0,0.2,10.0,10.0,1.0,10.0,10.0,1.0,10.0,2.0,0.2,10.0,10.0,1.0,10.0,10.0,1.0,10.0,10.0,1.0,10.0,4.8,0.6,8.0,7.0,1.0,7.0,5.0,1.0,5.0,10.0,1.0,10.0,0.0,0.0,10.0,0.0,0.0,10.0,10.0,1.0,10.0,8.0,1.0,8.0,1.0,0.2,5.0,10.0,1.0,10.0,10.0,1.0,10.0,6.0,0.6,10.0,4.0,0.4,10.0,4.0,0.4,10.0,9.6,9.6,16.0,32.2,32.2,35,1.0,1.0,1,3.8,3.8,5,5.4,5.4,9.0,12.75,12.75,15,10.0,10.0,10,8.0,8.0,8,0.0,0.0,4,0.0,0.0,6,6.0,6.0,6,11.2,11.2,16.0,0.0,0.0,0.0,11.2,11.2,16.0
